business_name,platform,post_id,post_url,published_at,caption,hashtags,media_urls,likes,comments,shares,top_comments
Vieira's Gym,facebook,1610565591071905,https://www.facebook.com/vieirasgym/posts/pfbid0iMqwH422haeuRm7zp8QBG6EBsYPQjboLyHPTUNjhJXRgKyWq6o27kVHv1FPqgNuil,2026-04-30T20:25:06.000Z,"Competir é mais do que apenas ganhar, é sobre se desafiar e crescer. 11.04.2026 #wakomocambique #kickboxing #combatsport #maputo #matola  @kaz.lukas @mr_chutumia @ayed.vilas @ivanchunguas @kcorreia.vieira @banze.btw @nayltonchilundo @shaylalwmonteiro","wakomocambique, kickboxing, combatsport, maputo, matola","https://scontent-lga3-2.xx.fbcdn.net/v/t51.82787-15/681728933_18420421645126051_8904008458822824364_n.jpg?stp=dst-jpg_tt6&cstp=mx837x438&ctp=s590x590&_nc_cat=107&ccb=1-7&_nc_sid=127cfc&_nc_ohc=lr9Y6k8qL_IQ7kNvwE_13qU&_nc_oc=AdrfYaTlOeXVSrQ9qGFydWjHkPfl-kosTUJ_IWn_psQPANCHtHSwxIOxIzdngUnHRzc&_nc_zt=23&_nc_ht=scontent-lga3-2.xx&_nc_gid=RUXRlkD5Arllsuo9KPzV4A&_nc_ss=72289&oh=00_AQATYeIYFX3SZwIXuhdbpo3odpstrDOyZaY3fLfZbX-i4g&oe=6A6D1F3B, https://scontent-lga3-3.xx.fbcdn.net/v/t51.82787-15/681550343_18420421663126051_5008527465380814954_n.jpg?stp=dst-jpegr_tt6&cstp=mx1440x1080&ctp=s590x590&_nc_cat=106&ccb=1-7&_nc_sid=127cfc&_nc_ohc=TtskTMNwbNwQ7kNvwGlHqAI&_nc_oc=AdpdY4ax_GkGttEeHlw7JIXwVQ88_lf7YJOAW2k90okq73GHh4sjbj0t6TJAZHtUbwY&_nc_zt=23&se=-1&_nc_ht=scontent-lga3-3.xx&_nc_gid=RUXRlkD5Arllsuo9KPzV4A&_nc_ss=72289&oh=00_AQDffik-FFVPc7qg9pIAQFFbCxcwat5HDdVHad6de5uNNA&oe=6A6D276F, https://scontent-lga3-1.xx.fbcdn.net/v/t51.82787-15/683391453_18420421654126051_7080433992357847253_n.jpg?stp=dst-jpg_tt6&cstp=mx960x720&ctp=s590x590&_nc_cat=103&ccb=1-7&_nc_sid=127cfc&_nc_ohc=K7J0ZKfEez4Q7kNvwGWQCGh&_nc_oc=AdoNUURrKi8f0NFvlTCMkoN20GuPFrvgwifq4vC_8qbkHekstQiNCoUy-46LoTxLNz8&_nc_zt=23&_nc_ht=scontent-lga3-1.xx&_nc_gid=RUXRlkD5Arllsuo9KPzV4A&_nc_ss=72289&oh=00_AQCm4OJmsKB2VFpvnt5BVIYTgWgdXe70smZI_00_MS1kUw&oe=6A6D23D2",12,1,0,
Vieira's Gym,facebook,1599842792144185,https://www.facebook.com/vieirasgym/posts/pfbid02c5QhPXZwJLGRbHKXHzyFjNa2cfN5MPMUuyQucZvwXCMBrLeCGbomomESBanxLeh1l,2026-04-20T09:40:00.000Z,"O alongamento 🙆‍♂️antes da musculação 🏋️tem como principal objetivo preparar o corpo para o esforço físico💪, aumentando a flexibilidade e a amplitude de movimento.                         Quer treinar com bom acompanhamento?Junta-te a nós”. WhatsApp: +258828436590  #maputo #matola #treinos #motivação #vidasaudavel","maputo, matola, treinos, motiva%C3%A7%C3%A3o, vidasaudavel",https://scontent-lga3-3.xx.fbcdn.net/v/t51.82787-15/673117808_18418805983126051_5946968778361961305_n.jpg?stp=dst-jpegr_tt6&cstp=mx1440x1920&ctp=p526x296&_nc_cat=102&ccb=1-7&_nc_sid=127cfc&_nc_ohc=S3KIyPD1C2oQ7kNvwEnD2vu&_nc_oc=Adp5-hZH49R7RvYtzrNWkyTCXt344ot7E3uzlBnpwqT6vJ_Sagp230Moh3yp84f5DJM&_nc_zt=23&se=-1&_nc_ht=scontent-lga3-3.xx&_nc_gid=RUXRlkD5Arllsuo9KPzV4A&_nc_ss=72289&oh=00_AQB7ybFevEW0CufbUL9NGreU6T7OR98X5jK8pTiytd_CHw&oe=6A6D3962,3,0,0,
Vieira's Gym,facebook,1578717564256708,https://www.facebook.com/vieirasgym/posts/pfbid02AAZxccfJ1KuN5K122K62cPZsR6GAjK1u5jJE7kvKpVBkxYKsan6uL4k9ocwDDFZpl,2026-03-27T11:12:00.000Z,"A persistência é o caminho do êxito e a motivação transforma decisões em realidade. 👌Não espere sorte, crie-a com acções constantes, pois o esforço de hoje é o orgulho de amanhã.💪 @kaz.lukas @ayed.vilas  @domingas_lm @leidafumo @_alvaro_diogo @nayltonchilundo  #kickboxing  #wakomoçambique #maputo #matola","kickboxing, wakomo%C3%A7ambique, maputo, matola",https://scontent-lga3-2.xx.fbcdn.net/v/t51.82787-15/658641696_18415085926126051_985718702764947068_n.jpg?stp=dst-jpg_tt6&cstp=mx1440x915&ctp=p843x403&_nc_cat=105&ccb=1-7&_nc_sid=127cfc&_nc_ohc=SapVsT1EoIIQ7kNvwEscjY6&_nc_oc=Adp9ZnFtjByi88DMfIIoMB1JSlJvgzVwR09WwD9ULMk0_oAbcauHS7CukvnTr6eSkOg&_nc_zt=23&_nc_ht=scontent-lga3-2.xx&_nc_gid=RUXRlkD5Arllsuo9KPzV4A&_nc_ss=72289&oh=00_AQBfQ-l-8asZlQjQfICeIvo3TCxzTxjfBNJGL0TNpY1dvA&oe=6A6D520A,3,0,0,
Vieira's Gym,facebook,1558192906309174,https://www.facebook.com/vieirasgym/posts/pfbid0GvXSQSwhCAbfbD1C1c7jXPqiyrNpFwHJ2NKTwWVyXvCYCDBUPmgW8DjceJ1oTaUjl,2026-03-04T21:15:06.000Z,"Fui convidado pela Associação de Taekwondo da cidade de Maputo para  partilhar um pouco da minha experiência sobre como criar,gerir um ginásio/ academia de forma a que esta seja um sucesso…21/02/2026 .Quero agradecer ao elenco da Adtcm em especial ao presidente @josedaconceicaotembe  pelo convite  e dar os parabéns  a todos que participaram desta formação para instrutores e monitores de Taekwondo.",,"https://scontent-lga3-3.xx.fbcdn.net/v/t51.82787-15/645919393_18410926960126051_4639938383957226890_n.jpg?stp=dst-jpg_tt6&cstp=mx900x1200&ctp=s590x590&_nc_cat=106&ccb=1-7&_nc_sid=127cfc&_nc_ohc=fL4F6kYa4kUQ7kNvwFdOz6e&_nc_oc=AdoTCxj8bPmTn_lVHhMX5vzSxWD26QGzafhN0NwP3Uv0TpMLhvt0tmc5pNA9Gxg61Y0&_nc_zt=23&_nc_ht=scontent-lga3-3.xx&_nc_gid=Id0LU0VtQk4dWIfGb38tpA&_nc_ss=72289&oh=00_AQDDYErdfjid8VQYKc_s0V_YulxRyNt_YV52rH38NkPX9g&oe=6A6D5093, https://scontent-lga3-3.xx.fbcdn.net/v/t51.82787-15/645820903_18410926969126051_4741654546695815615_n.jpg?stp=dst-jpg_tt6&cstp=mx900x1200&ctp=s590x590&_nc_cat=102&ccb=1-7&_nc_sid=127cfc&_nc_ohc=dhQjtt6MERsQ7kNvwFb9_1J&_nc_oc=AdrI_CIn1-sn5ywbNytJnGzM2PCJfQjHLx2e4RUs1uKOkqVlteDMzFHV_ebDP-uGFaU&_nc_zt=23&_nc_ht=scontent-lga3-3.xx&_nc_gid=Id0LU0VtQk4dWIfGb38tpA&_nc_ss=72289&oh=00_AQB44Kg1kk8kkqQsZsxBF5em8k87ZfkWRHaE7w2pRB959Q&oe=6A6D26E7, https://scontent-lga3-1.xx.fbcdn.net/v/t51.82787-15/645841466_18410926999126051_1724056440867713859_n.jpg?stp=dst-jpg_tt6&cstp=mx1440x1920&ctp=s590x590&_nc_cat=110&ccb=1-7&_nc_sid=127cfc&_nc_ohc=jaddLLc_iwUQ7kNvwFWh-U6&_nc_oc=Adr9c5Xw1ILTlu4RxmJHk31NeQyOuCqVNCW2RhqRnlHIuWm9ZGgf18ATCFFZ6ao8foM&_nc_zt=23&_nc_ht=scontent-lga3-1.xx&_nc_gid=Id0LU0VtQk4dWIfGb38tpA&_nc_ss=72289&oh=00_AQDQcwmBDilwVmqVq_T5808seuihOwvVzfUJOjrVM1qcsg&oe=6A6D36B1, https://scontent-lga3-1.xx.fbcdn.net/v/t51.82787-15/645818994_18410926990126051_4895275930548750721_n.jpg?stp=dst-jpg_tt6&cstp=mx1440x1920&ctp=s590x590&_nc_cat=110&ccb=1-7&_nc_sid=127cfc&_nc_ohc=T7lLm93tHDIQ7kNvwElP1gU&_nc_oc=AdrYc1k5da1TIJwk7ogMLtVqiTkedsxI_L7-IxJ47fPsHGvmsWr9H4NQx0EnQ1CRRsc&_nc_zt=23&_nc_ht=scontent-lga3-1.xx&_nc_gid=Id0LU0VtQk4dWIfGb38tpA&_nc_ss=72289&oh=00_AQALAH_YvFiQsEGi34tENvx4vxbKs7C0JCJ8iZoAwcpnBg&oe=6A6D4380, https://scontent-lga3-3.xx.fbcdn.net/v/t51.82787-15/645936300_18410926978126051_912288643384656853_n.jpg?stp=dst-jpg_tt6&cstp=mx900x1200&ctp=s590x590&_nc_cat=106&ccb=1-7&_nc_sid=127cfc&_nc_ohc=g16xcSxnuvUQ7kNvwHpq1eT&_nc_oc=AdrFlnsexD_vDThw3j4erv0euU4oqgWaydnqhI_oYH5TYPRLTytaQgwTYvpTttMrky0&_nc_zt=23&_nc_ht=scontent-lga3-3.xx&_nc_gid=Id0LU0VtQk4dWIfGb38tpA&_nc_ss=72289&oh=00_AQAbBivcjTfEkzfN6iPfItfV8h-godLrGCuThp5DRXRIGQ&oe=6A6D20E2",11,0,0,
Vieira's Gym,facebook,1516249020503563,https://www.facebook.com/vieirasgym/posts/pfbid032jJDtHxEHJxYi73QHkgKwdbkrnTd4aVnUdmL62aSjKBwTWoF5s4y8s8huykJs7z4l,2026-01-19T09:09:27.000Z,"‘’Fomos criados para avançar, crescer e subir de nível. A nossa natureza é de crescimento e isso implica esforço e trabalho duro…no final vale sempre a pena”.🥊🥋 @ayed.vilas @kaz.lukas @larson_sithoy @joaquim_nhanala @banze.btw",,https://scontent-lga3-3.xx.fbcdn.net/v/t51.82787-15/619839491_18402385222126051_928952427689340513_n.jpg?stp=dst-jpg_tt6&cstp=mx1440x1080&ctp=s720x720&_nc_cat=106&ccb=1-7&_nc_sid=127cfc&_nc_ohc=sadTdI8_MgkQ7kNvwE05BiL&_nc_oc=AdqVr3v34wt1epiKUBgvmpIH3XQ9RdmohUwvvtNL8wctLDojVk8DzW9s413y8RI9Sm4&_nc_zt=23&_nc_ht=scontent-lga3-3.xx&_nc_gid=Id0LU0VtQk4dWIfGb38tpA&_nc_ss=72289&oh=00_AQDtbuZQF7HmM8_ceHDH2KoVjA88tF3Hx6jNJWC1PHKLYQ&oe=6A6D5012,4,0,1,
Vieira's Gym,facebook,1505341391594326,https://www.facebook.com/vieirasgym/posts/pfbid03Y3NfUn6VEaZRmxPCdSVKqdNdUipbBPmZBCxJQix618AxjmDUybZv4ar4YrJ3deJl,2026-01-06T11:49:07.000Z,“Cada desafio é uma oportunidade para crescer e se superar. Enfrentemos juntos com determinação”.                         #taekwondo #maputo #matola #martialarts #vieirasgym  @ayed.vilas @derciodaude @kcorreia.vieira @davidandrade64,"taekwondo, maputo, matola, martialarts, vieirasgym",https://scontent-lga3-2.xx.fbcdn.net/v/t51.82787-15/611269913_18400914520126051_7353624116514207761_n.jpg?stp=dst-jpg_tt6&cstp=mx1440x754&ctp=s960x960&_nc_cat=101&ccb=1-7&_nc_sid=127cfc&_nc_ohc=g2Md0IjH4nEQ7kNvwFCj1pP&_nc_oc=AdolMqSX4efP0Zald3UzAi5oZl7LjAfd2aqJSuKy1wwtpTR96KULKRovWERX8VmRqxk&_nc_zt=23&_nc_ht=scontent-lga3-2.xx&_nc_gid=Id0LU0VtQk4dWIfGb38tpA&_nc_ss=72289&oh=00_AQCYrfzT74pPoOkGwFQ3MbBfHgI4WMt0IdswaOsXJeTAxg&oe=6A6D4F9C,0,0,0,
Vieira's Gym,facebook,1499794242149041,https://www.facebook.com/vieirasgym/posts/pfbid028Fq7tLzvUgMhne4kiWhVZ7b3c1Q8sw4ygW69WWCm61YGpkRyim4BY9rHpRwpg7YUl,2025-12-30T12:46:09.000Z,"“A dor do treino é temporária, mas a satisfação da conquista é para sempre”.  Muitos parabéns pela nova etapa 🥋🥊🇲🇿… @djv.ofc  @ivanchunguas  #kickboxingmoz #wakomoçambique #vieirasgym #maputo #matola","kickboxingmoz, wakomo%C3%A7ambique, vieirasgym, maputo, matola",https://scontent-lga3-2.xx.fbcdn.net/v/t51.82787-15/608177711_18400030924126051_717605435805103536_n.jpg?stp=dst-jpg_tt6&cstp=mx1440x1636&ctp=s590x590&_nc_cat=107&ccb=1-7&_nc_sid=127cfc&_nc_ohc=YwxSv-ydUn0Q7kNvwGTCFk4&_nc_oc=Adq32q8fu4WnVUDNHU0SHuBzOZUtJFzeDm05KdkkAwBc0G8M8_u0s54gmk_CldL91YY&_nc_zt=23&_nc_ht=scontent-lga3-2.xx&_nc_gid=e8aVCeRKJgsBpY2ivPdFbA&_nc_ss=72289&oh=00_AQCbtRYUERzg4Dd-60H60M_toD-FNoJSdTRDCIHq9qDQUg&oe=6A6D4718,5,0,0,
Vieira's Gym,facebook,1495725489222583,https://www.facebook.com/vieirasgym/posts/pfbid0wpohiL8PUM6QrdjkxJ4toUBzW44Q4MHueX7wt6p7VAqmppmbuC9m2d9Kyam5mxgQl,2025-12-25T08:17:10.000Z,🚨Nb:O ginásio continua aberto para os alunos interessados em usar as salas de treino nos horários normais de funcionamento obrigado💪🥋🏋️🥊🤼‍♂️  #vieirasgym #ginasio  #maputo #matola moçambique🇲🇿,"vieirasgym, ginasio, maputo, matola",https://scontent-lga3-1.xx.fbcdn.net/v/t51.82787-15/605788477_18399432469126051_1818456259148906563_n.jpg?stp=dst-jpg_tt6&cstp=mx1365x1820&ctp=p526x296&_nc_cat=110&ccb=1-7&_nc_sid=127cfc&_nc_ohc=xSaYA7QXfKgQ7kNvwH74F9r&_nc_oc=AdqysYuIDk3_AsI5oZCwkdd7LX_kGWkCg0nHsyZw01dS6Hy7CCqwFAQ71gcar1fR4T4&_nc_zt=23&_nc_ht=scontent-lga3-1.xx&_nc_gid=e8aVCeRKJgsBpY2ivPdFbA&_nc_ss=72289&oh=00_AQCa29sIIAwLlMTKoyRvGzplDVMLMzQOC0nMnE_33XVmeg&oe=6A6D2000,2,0,0,
Vieira's Gym,facebook,1484696613658804,https://www.facebook.com/vieirasgym/posts/pfbid0aALtYduJaXvKTuv6LXdXixvBzsFrsh2C1eidwryzCzthUwjk2VFw18DuStLXd7Wxl,2025-12-12T12:31:41.000Z,#wakomoçambique #kickboxingmozambique🇲🇿,"wakomo%C3%A7ambique, kickboxingmozambique",https://scontent-lga3-2.xx.fbcdn.net/v/t51.82787-15/599906801_18397933633126051_4608931817862446032_n.jpg?stp=dst-jpg_tt6&cstp=mx1440x943&ctp=p180x540&_nc_cat=105&ccb=1-7&_nc_sid=127cfc&_nc_ohc=udHX6G9zz8gQ7kNvwHr9MBR&_nc_oc=Adpt6nAVRlVgdGXYcD41ceoP4j_dH071TXjNx3_Pf2j_kRfiJimzk93idkBRCtpvzEk&_nc_zt=23&_nc_ht=scontent-lga3-2.xx&_nc_gid=e8aVCeRKJgsBpY2ivPdFbA&_nc_ss=72289&oh=00_AQC7ZDrk3N-kNCuCRI1lQe6TAH5T5yJU57jGpdEz0mfzaA&oe=6A6D1AD1,4,0,1,
Vieira's Gym,facebook,1475542891240843,https://www.facebook.com/vieirasgym/posts/pfbid0uchhgbpkVToDXu55GfQncVv9C4ScQ1EEwMyjy3w7gyAosL3RnAqSTnQqz2M5Yebvl,2025-12-02T08:00:40.000Z,@kaz.lukas @ayed.vilas @mr_chutumia @vieiras_gym @djv.ofc,,https://scontent-lax7-1.xx.fbcdn.net/v/t51.82787-15/589107718_18396707023126051_1573673716240471718_n.jpg?stp=dst-jpg_tt6&cstp=mx1440x1080&ctp=s720x720&_nc_cat=105&ccb=1-7&_nc_sid=127cfc&_nc_ohc=iBx3p83dQKQQ7kNvwEs3_dM&_nc_oc=AdoEAiketY9_DGvqY7X-GBqIKSmb-oF9I6SHJQF26M-LOIMrNJ3qz2oUKbtnWSrWCZSzm40YviBPugHOV7oeMF_D&_nc_zt=23&_nc_ht=scontent-lax7-1.xx&_nc_gid=RzaVdItsUdxYeFltLHOnNw&_nc_ss=7d289&oh=00_AQB4hA1jkrfpeZtrk6y-CmxWwXW2VxkRZnd3dPVkdvQzFQ&oe=6A6D3D9B,6,1,1,[object Object]
Vieira's Gym,facebook,1456674449794354,https://www.facebook.com/vieirasgym/posts/pfbid02kKK6YQHhqnPbdihxBNuJD9c1AhXdEZwsTpJUb1sLeDvcBizo2uiAMr5UViTgJsUJl,2025-11-12T12:40:44.000Z,Nenhum objetivo é inalcançável quando trabalhamos em equipe e nos apoiamos mutuamente. @ayed.vilas @natalinotkd9 @derciodaude @joaojessen,,https://scontent-lax3-1.xx.fbcdn.net/v/t51.82787-15/581970454_18393456136126051_3295925087447254493_n.jpg?stp=dst-jpg_tt6&cstp=mx1279x1366&ctp=p180x540&_nc_cat=109&ccb=1-7&_nc_sid=127cfc&_nc_ohc=XC5NsXb_FgcQ7kNvwHmzT3u&_nc_oc=AdpL68KJ_YmExH0-jTPFMBFn9Tgp-x5D_hR2C_9vCQIcIMFAW5QMUcIcrGboUyVSrFII1hloDQnTwNjEw3mZSVGa&_nc_zt=23&_nc_ht=scontent-lax3-1.xx&_nc_gid=RzaVdItsUdxYeFltLHOnNw&_nc_ss=7d289&oh=00_AQDzZwD5cLBHFpeqaJhq42DIKZc8EESQ9UEU3Y5D57nBUw&oe=6A6D3CF7,10,1,0,[object Object]
Vieira's Gym,facebook,1433972595397873,https://www.facebook.com/vieirasgym/posts/pfbid02cTUCiU2Qq1Awt5Af7n17xPThuxojHj8nXs6uigGTUjCN7DJwqXLFF11PmK7S1iS9l,2025-10-21T10:24:57.000Z,,,https://scontent-lax3-1.xx.fbcdn.net/v/t51.82787-15/567264813_18389621803126051_8961864261518889606_n.jpg?stp=dst-jpg_tt6&cstp=mx1094x911&ctp=s600x600&_nc_cat=102&ccb=1-7&_nc_sid=127cfc&_nc_ohc=OduLGjFljXIQ7kNvwHqdLjX&_nc_oc=Adr9BuMVlKdE2ZMV_tFXZM5eLjR8CHrwQtVtN_s9wVSmQEGgDSj60WkFTY_rZ9p5zlCgd8s4ZAPE9v91tKrUg6qh&_nc_zt=23&_nc_ht=scontent-lax3-1.xx&_nc_gid=RzaVdItsUdxYeFltLHOnNw&_nc_ss=7d289&oh=00_AQD0T4HtYbrHPFRzFPTanJfWGtTVqBCxVlxGxpljHUXALA&oe=6A6D4A8D,9,0,0,
Vieira's Gym,facebook,1415420637253069,https://www.facebook.com/vieirasgym/posts/pfbid02TTSpLx2o4cYY98s9tGwApaPviYKiaamJGyGE3JKAs89MgBufG59fcnzYKN9bK5Kyl,2025-10-04T10:02:57.000Z,Organização e arbitragem do campeonato de taekwondo 20.09.2025 @ayed.vilas @derciodaude @natalinotkd9 @kcorreia.vieira @joaojessen  #gym #maputo #vieirasgym,"gym, maputo, vieirasgym",https://scontent-dfw6-2.xx.fbcdn.net/v/t51.82787-15/559201838_18386495218126051_5507386497564803455_n.jpg?stp=dst-jpg_tt6&cstp=mx1440x1440&ctp=p526x296&_nc_cat=110&ccb=1-7&_nc_sid=127cfc&_nc_ohc=wdKdRUHOnGoQ7kNvwFRq0bK&_nc_oc=AdrBy4jzyqFT3WGN9Wc2SxFTBwVOkKgCnpLty4zxrPy88fWnLhXQpeJTmyU-AsUJbNI&_nc_zt=23&_nc_ht=scontent-dfw6-2.xx&_nc_gid=425DQlKfkuFpg53DV2y90w&_nc_ss=72289&oh=00_AQDnNsD-bOmJvcQQtQ1NByZQ5RUnRBVdP1e8wi0H5sfz4w&oe=6A6D516F,5,0,0,
Vieira's Gym,facebook,1413418920786574,https://www.facebook.com/vieirasgym/posts/pfbid0hLm9BQhxT7QvG4JQZ7ganCU3fBk126YXGmLMJeEssSsDamTRS3Dz4V7e7dpVf3NPl,2025-10-02T09:29:03.000Z,Campeonato de Taekwondo Técnica e Combate  20.09.2025       #taekwondo #maputo #vieirasgym #mocambique🇲🇿  @ayed.vilas @natalinotkd9 @derciodaude @kcorreia.vieira @joaojessen,"taekwondo, maputo, vieirasgym, mocambique","https://scontent-dfw6-1.xx.fbcdn.net/v/t51.82787-15/557428677_18386178013126051_6696946722801537047_n.jpg?stp=dst-jpegr_tt6&cstp=mx1440x1440&ctp=s590x590&_nc_cat=101&ccb=1-7&_nc_sid=127cfc&_nc_ohc=4yrXHMPeBLUQ7kNvwEebMcF&_nc_oc=AdphpgHayeKAnGQjhsEHAp2RfnPklhAe7oZCOPUmxIFVAImQitlOM8XmUue0QvQgQMo&_nc_zt=23&se=-1&_nc_ht=scontent-dfw6-1.xx&_nc_gid=425DQlKfkuFpg53DV2y90w&_nc_ss=72289&oh=00_AQBYSrTxDQncYihZAkFtg_3DL-Jqjv7kzajC-cgYyX6taQ&oe=6A6D3BBC, https://scontent-dfw6-1.xx.fbcdn.net/v/t51.82787-15/558011932_18386178028126051_7252434226060350150_n.jpg?stp=dst-jpegr_tt6&cstp=mx1440x1440&ctp=s590x590&_nc_cat=102&ccb=1-7&_nc_sid=127cfc&_nc_ohc=aRIeg-yDxvoQ7kNvwE7Ascs&_nc_oc=AdpB5TfgzIhYxSAzwPIhGI3PEDuaajLXQWEUlLNigLLfHkxrFq3PHG-lKgsSVyeBd5M&_nc_zt=23&se=-1&_nc_ht=scontent-dfw6-1.xx&_nc_gid=425DQlKfkuFpg53DV2y90w&_nc_ss=72289&oh=00_AQB5I0FdoZwOGDHMnlfuxW0p7pHJqzw7SWhf8avsMTS-tA&oe=6A6D4AAF, https://scontent-dfw6-1.xx.fbcdn.net/v/t51.82787-15/557360437_18386178040126051_2099777730286187565_n.jpg?stp=dst-jpegr_tt6&cstp=mx1440x1440&ctp=s590x590&_nc_cat=101&ccb=1-7&_nc_sid=127cfc&_nc_ohc=PjAhHzW-eHkQ7kNvwGrTdS9&_nc_oc=Ado2AjoMCEDIjSDnC_OV3-ZC3UvFsB-nIStGLfGFWn6A_IGv4rcBWpgRbcWF6NQ2qGs&_nc_zt=23&se=-1&_nc_ht=scontent-dfw6-1.xx&_nc_gid=425DQlKfkuFpg53DV2y90w&_nc_ss=72289&oh=00_AQBXHgCF7ZHc8kCrF90chmnreiY6gb38WFS_7rEhkZ3Q1w&oe=6A6D364E, https://scontent-dfw5-1.xx.fbcdn.net/v/t51.82787-15/559666227_18386178049126051_1346711057035483224_n.jpg?stp=dst-jpegr_tt6&cstp=mx1440x1440&ctp=s590x590&_nc_cat=111&ccb=1-7&_nc_sid=127cfc&_nc_ohc=rpktDtEIjcEQ7kNvwEPfiVs&_nc_oc=AdpgxJ40_fGFV1ud3aM1ikgm9IX-sRvYSDuiQgzYtDmBxXfBlNG5HlaKhDL0CMj04PM&_nc_zt=23&se=-1&_nc_ht=scontent-dfw5-1.xx&_nc_gid=425DQlKfkuFpg53DV2y90w&_nc_ss=72289&oh=00_AQB52N8FXBKwBlZ4hwGnnLGZWe72AUMS0kSLR3_r8ZN7Jg&oe=6A6D4EFC, https://scontent-dfw5-1.xx.fbcdn.net/v/t51.82787-15/558452602_18386178064126051_2747747443831867163_n.jpg?stp=dst-jpegr_tt6&cstp=mx1440x1440&ctp=s590x590&_nc_cat=106&ccb=1-7&_nc_sid=127cfc&_nc_ohc=3N9mWpkRm9YQ7kNvwFUQpM5&_nc_oc=Adozg2mbxYM8rdvGAnmXaFlKJxYzwDoY8j2z8rO4q_o07iKZ3LI1tUwo0M08O8-sjsc&_nc_zt=23&se=-1&_nc_ht=scontent-dfw5-1.xx&_nc_gid=425DQlKfkuFpg53DV2y90w&_nc_ss=72289&oh=00_AQAjZfH9JicEsToSy-cqJUc2y5NamEAJK6xrEVynvuhcug&oe=6A6D4997",2,0,0,
Vieira's Gym,facebook,1403436011784865,https://www.facebook.com/vieirasgym/posts/pfbid021vEDvvvRkBZwPbrG9BtThBV6qM9vQtmnAa3ZZ76uLDwabp4fWLv3sFNjmKwNMjjCl,2025-09-22T10:04:03.000Z,O nosso muito obrigado a Equipe de arbitragem/ Organização do campeonato De kickboxing L.C.   #wakomoçambique #kickboxing #vieirasgym  #maputo  @kaz.lukas @ayed.vilas @ivanchunguas  @kcorreia.vieira,"wakomo%C3%A7ambique, kickboxing, vieirasgym, maputo",https://scontent-dfw5-2.xx.fbcdn.net/v/t51.82787-15/551981828_18384676420126051_3295109863735284680_n.jpg?stp=dst-jpg_tt6&cstp=mx1440x1115&ctp=p180x540&_nc_cat=104&ccb=1-7&_nc_sid=127cfc&_nc_ohc=3ADUJbDqLUMQ7kNvwFT1c7P&_nc_oc=AdqSnmk4Vzwp8xlI9SQuqnllzZbWp-mg2qM9jP6LTbnggvH8xeegLfaw8SsgDfQRsek&_nc_zt=23&_nc_ht=scontent-dfw5-2.xx&_nc_gid=425DQlKfkuFpg53DV2y90w&_nc_ss=72289&oh=00_AQDE4GcD2e39MFN4RS6uCWe0jocqy5k-qqGOztSi0L-yFQ&oe=6A6D1DEC,11,0,0,
Vieira's Gym,facebook,1397581622370304,https://www.facebook.com/vieirasgym/posts/pfbid0dW5jeAoVWQta5u1Csh3L9u5wpkFZds3GCQzeKtbGux7f2psrhTjq6Bs7U92cv7PLl,2025-09-16T08:41:32.000Z,"Parabéns a *todos os intervenientes* neste campeonato de kickboxing!🥊🇲🇿
Organizadores, atletas, treinadores, e público — todos deram o seu melhor e mostraram que, quando trabalhamos juntos, *ninguém perde, todos ganham.* 🙌
Foi bonito de ver o espírito desportivo, a entrega, a evolução dos atletas e, acima de tudo, o respeito dentro e fora do tatame. Cada combate foi uma aula de superação!
Quero deixar um destaque especial para a *nova escola do Tsalala(Matola)*, que mostrou que está a crescer com força, foco e talento. 👏 O futuro promete — e muito!
A caminhada continua. A frente é o caminho.
*Vamos juntos, passo a passo, levantar ainda mais o nome do kickboxing!*
*Força a todos e até o próximo Campeonato!* 💪🔥🥊🇲🇿 @kaz.lukas",,"https://scontent-dfw6-2.xx.fbcdn.net/v/t51.82787-15/549127494_18383848669126051_8382251072684987345_n.jpg?stp=dst-jpg_tt6&cstp=mx845x446&ctp=s590x590&_nc_cat=108&ccb=1-7&_nc_sid=127cfc&_nc_ohc=gm5P8tp7S7kQ7kNvwGh2ObA&_nc_oc=AdreypbjoJI0oMatiAHBLqsH0RhbPufGtdq6nhXGXoU3WOZzvA84bhpIGj3XkOT0Hc8&_nc_zt=23&_nc_ht=scontent-dfw6-2.xx&_nc_gid=UE31FYY1RjUqLfJj06v8ag&_nc_ss=7c289&oh=00_AQAzv7vSYrDCdQrn-rO29PZRPm_6VH1FotMmFuctCH-e7Q&oe=6A6D3C0E, https://scontent-dfw6-2.xx.fbcdn.net/v/t51.82787-15/549288636_18383848684126051_9117256454105390060_n.jpg?stp=dst-jpegr_tt6&cstp=mx1440x1920&ctp=s590x590&_nc_cat=110&ccb=1-7&_nc_sid=127cfc&_nc_ohc=zmlnYPDWs2EQ7kNvwFNa7b7&_nc_oc=AdpUYFv9Y43qixlCw0Iz8U8QCfIL7N_nHTDE9Ge2PG3t7MKz2B2HqTgPKVSia3qDsbE&_nc_zt=23&se=-1&_nc_ht=scontent-dfw6-2.xx&_nc_gid=UE31FYY1RjUqLfJj06v8ag&_nc_ss=7c289&oh=00_AQC2NXvZ29TuaNpWp6OnKI9cDH7n82tCXPfdyI-SrB9arw&oe=6A6D50AD, https://scontent-dfw5-2.xx.fbcdn.net/v/t51.82787-15/549209929_18383848711126051_3731486930098471608_n.jpg?stp=dst-jpegr_tt6&cstp=mx1440x1920&ctp=s590x590&_nc_cat=107&ccb=1-7&_nc_sid=127cfc&_nc_ohc=Du06N-WudlkQ7kNvwFQoZNU&_nc_oc=AdqnZTvge2-e_fpg9Gz74YahXTiGczx2pvUDroQ_eflhnD88KbScQlB3fXqfFOnND1I&_nc_zt=23&se=-1&_nc_ht=scontent-dfw5-2.xx&_nc_gid=UE31FYY1RjUqLfJj06v8ag&_nc_ss=7c289&oh=00_AQBSLSxWNzAhpPzgm5D5FtXlLnmkp1abfyPto8kpMjrQdw&oe=6A6D310C, https://scontent-dfw6-1.xx.fbcdn.net/v/t51.82787-15/548952969_18383848693126051_5963499226889321092_n.jpg?stp=dst-jpegr_tt6&cstp=mx1440x1920&ctp=s590x590&_nc_cat=101&ccb=1-7&_nc_sid=127cfc&_nc_ohc=ZSxgSxcRaacQ7kNvwEM3LkT&_nc_oc=AdqHTiJyOaCrqIYgiJVkZVg3Uiogzb0dk6XGi-git-RFmy6Kixue8UvKeHCKi0hclkY&_nc_zt=23&se=-1&_nc_ht=scontent-dfw6-1.xx&_nc_gid=UE31FYY1RjUqLfJj06v8ag&_nc_ss=7c289&oh=00_AQCpfaMM3OdAEcaJ19QNif8s_XSo9hlbhasCtkuy5EXrXw&oe=6A6D5098, https://scontent-dfw5-2.xx.fbcdn.net/v/t51.82787-15/548841759_18383848702126051_752165649187128659_n.jpg?stp=dst-jpegr_tt6&cstp=mx1440x1920&ctp=s590x590&_nc_cat=107&ccb=1-7&_nc_sid=127cfc&_nc_ohc=HrnbAGTSeK4Q7kNvwGKRroi&_nc_oc=AdoaLza-6eRGDmtEkcGmIRtutNCCgmgvSikk5OZCx3I-AiPCnTvzQCTZ6l-Wwxrom-U&_nc_zt=23&se=-1&_nc_ht=scontent-dfw5-2.xx&_nc_gid=UE31FYY1RjUqLfJj06v8ag&_nc_ss=7c289&oh=00_AQBJWBO-vbRdLVBdUx3TKigzKjvSzFEw8PDJMe7YY_FHVg&oe=6A6D4B7F",11,0,0,
Vieira's Gym,facebook,1348222807306186,https://www.facebook.com/vieirasgym/posts/pfbid0ghCBVh5V6GJYXQjuEkFLJ1jMgFgNMWtvLVjZmVcxxNb1hkUSQjBeep9JQXyfCZgQl,2025-07-26T07:48:23.000Z,Seminário de Taekwondo  19.07.2025,,"https://scontent-dfw6-2.xx.fbcdn.net/v/t51.82787-10/523169179_18377356312126051_8580327048910264124_n.jpg?stp=dst-jpg_tt6&cstp=mx720x405&ctp=s590x590&_nc_cat=109&ccb=1-7&_nc_sid=5fad0e&_nc_ohc=IponNX4ZNxgQ7kNvwFQ_MTs&_nc_oc=AdpnUYpcOs5g9mi0iJKjrhFOSzM5IZgNvoPLMdg2e93ovSzf4uUiqx95GsXCD11PaTE&_nc_zt=23&_nc_ht=scontent-dfw6-2.xx&_nc_gid=UE31FYY1RjUqLfJj06v8ag&_nc_ss=7c289&oh=00_AQA2aSQI9T8RF1jYVlrWuxvd0oz_Rs0il7PHjBrhNvoWvw&oe=6A6D1EB2, https://scontent-dfw5-2.xx.fbcdn.net/v/t51.82787-10/521567184_18377356321126051_6176299110192822271_n.jpg?stp=dst-jpg_tt6&cstp=mx720x405&ctp=s590x590&_nc_cat=107&ccb=1-7&_nc_sid=5fad0e&_nc_ohc=hkmUxho_ulYQ7kNvwFfXC5i&_nc_oc=Ado54QaLqsZTY5UP_XZqGy-VSav5LwfLNvN4mx5dWunDEg8xLjfkrHsbTye4D64kqvI&_nc_zt=23&_nc_ht=scontent-dfw5-2.xx&_nc_gid=UE31FYY1RjUqLfJj06v8ag&_nc_ss=7c289&oh=00_AQBKHKbhlX2r6ZbSYB9ntejZb-dGcYRv0PwVC6NgHc-S3A&oe=6A6D4502",2,0,0,
Vieira's Gym,facebook,1342893404505793,https://www.facebook.com/vieirasgym/posts/pfbid02zJrTbfN4Q3AccKDB9bC9BczqLVtcbC1ZoU6YFKbZDrKHeAByNWDh24WMTyzUGrfvl,2025-07-20T17:48:30.000Z,🥋Se conseguirmos unir a nossa família pelo espírito nada é impossível de alcançar…Muito obrigado a todos 🤲  #taekwondofamily #taekwondomarcial #matola #maputo #mozambique #mocambique #artesmarciais #martialarts #thankyou #muitoobrigado  #mozambique🇲🇿,"taekwondofamily, taekwondomarcial, matola, maputo, mozambique, mocambique, artesmarciais, martialarts, thankyou, muitoobrigado, mozambique",https://scontent-dfw6-1.xx.fbcdn.net/v/t51.82787-15/520944653_18376675552126051_7760101846959529826_n.jpg?stp=dst-jpegr_tt6&cstp=mx1440x1796&ctp=s640x640&_nc_cat=103&ccb=1-7&_nc_sid=127cfc&_nc_ohc=Ourx0AQgBP4Q7kNvwHNyxFP&_nc_oc=AdpvoYPH0g2Mb4wgAeu8Fy_7Q3rdQwfQR8LH26INKFDDZS_K4lSYvO8O_qpB6qgTfGA&_nc_zt=23&se=-1&_nc_ht=scontent-dfw6-1.xx&_nc_gid=UE31FYY1RjUqLfJj06v8ag&_nc_ss=7c289&oh=00_AQCG5ZjnN-6rVcUwITWNUmYdONw_-b8TCP2JR6oilFTCrg&oe=6A6D34CD,3,0,0,
Vieira's Gym,facebook,1338134991648301,https://www.facebook.com/vieirasgym/posts/pfbid037xnvhWMvDmG4E592NcBvGotS2s1j95CHoPJcKUkJRCe6su66UbJPztMUpRXg8bXBl,2025-07-15T12:39:14.000Z,"Transforme o seu corpo,sua vida a cada treino!!!💪 #Gym #Ginasioemmaputo  #maputocity #transformaçãocorporal  #maputomozambique  @ayed.vilas @kcorreia.vieira","gym, ginasioemmaputo, maputocity, transforma%C3%A7%C3%A3ocorporal, maputomozambique",https://scontent-den2-1.xx.fbcdn.net/v/t51.82787-15/518221482_18376031005126051_6481820276819439999_n.jpg?stp=dst-jpg_tt6&cstp=mx847x1059&ctp=s640x640&_nc_cat=108&ccb=1-7&_nc_sid=127cfc&_nc_ohc=bcqehZWyA4EQ7kNvwHLb-Bz&_nc_oc=Adq2t0S5YXtldznhBroN3bJIWQ5kWUuyjh0k7vur0vIjG9pMcPPzE8jyt-mZt36TiHo&_nc_zt=23&_nc_ht=scontent-den2-1.xx&_nc_gid=CX_q2pq53JCqj-if_et9sw&_nc_ss=7c289&oh=00_AQAwzu2NYar62FTlSAOz1dFtN3fNXL9bikePjxXP2gVyNw&oe=6A6D1E4B,4,0,0,
Vieira's Gym,facebook,1330364715758662,https://www.facebook.com/vieirasgym/posts/pfbid0SLggNkjW8TpFo8XMmvHR39nXCj732Aps5VQYCLRppSSzPvCETZdnt96iFRbmTmuVl,2025-07-06T15:39:31.000Z,Organização é a chave para a liberdade. Liberte-se da desordem e conquiste seus objetivos com mais clareza e eficiência.”    #kickboxing   #wakomoçambique  #mozkickboxing  #mozambique🇲🇿   #kickboxingmoz,"kickboxing, wakomo%C3%A7ambique, mozkickboxing, mozambique, kickboxingmoz",https://scontent-den2-1.xx.fbcdn.net/v/t51.82787-15/505754393_18374951650126051_1226770732563580589_n.jpg?stp=dst-jpg_tt6&cstp=mx1440x1219&ctp=s590x590&_nc_cat=101&ccb=1-7&_nc_sid=127cfc&_nc_ohc=hKzH2SzHJX4Q7kNvwE7U1Bq&_nc_oc=AdrTevi6K5be_DnbFAlU8OWHzWVmRPjWnnGm6W0QiP_6gkapPZIWqE8f0gaVT6PLWvI&_nc_zt=23&_nc_ht=scontent-den2-1.xx&_nc_gid=CX_q2pq53JCqj-if_et9sw&_nc_ss=7c289&oh=00_AQDd6WhO3biBZfoKvRWm4e7dc372WZyaGkYF6zSLBXUh8A&oe=6A6D37B0,6,0,1,
Eduardo Delfim Vieira,instagram,3946022296064534565,https://www.instagram.com/p/DbDFl8Qsqgl/,2026-07-21T10:30:08.000Z,Só se realiza aquilo que se acredita. Avante e fé nos nossos sonhos.  #kickboxing  #wakomoçambique #combatsports #vieirasgym #maputomozambique🇲🇿,"kickboxing, wakomoçambique, combatsports, vieirasgym, maputomozambique🇲🇿",https://scontent-icn2-1.cdninstagram.com/v/t51.82787-15/753231550_18433214974126051_443433838038079502_n.jpg?stp=dst-jpg_e35_s1080x1080_sh2.08_tt6&_nc_ht=scontent-icn2-1.cdninstagram.com&_nc_cat=107&_nc_oc=Q6cZ2gH4RoI3VD9BW3snWJrLHFUkka5KXdtRKFgXBh9FUEOrIdhJAlus_wZWvOMt2SpGsvU&_nc_ohc=bxeUc4JqBPUQ7kNvwHGDhVQ&_nc_gid=N7k8w-PMTx0k83bCTO-YhA&edm=APU89FABAAAA&ccb=7-5&oh=00_AQCHT3-nxShMOTE22CGKBu1wnqeqdwdH_oCeGBVwLO2ouA&oe=6A6D394E&_nc_sid=bc0c2c,-1,0,0,
Eduardo Delfim Vieira,instagram,3928649526049646127,https://www.instagram.com/p/DaFXe3XMiYv/,2026-06-27T09:12:51.000Z,"Um verdadeiro guerreiro nunca desiste, mesmo diante das adversidades. Guerreiro é feito de fé, de força e, especialmente, de muita coragem.  #wakomoçambique  #kickboxing #vieirasgym #kickboxingmoz #gym","wakomoçambique, kickboxing, vieirasgym, kickboxingmoz, gym",https://scontent-icn2-1.cdninstagram.com/v/t51.82787-15/731031423_18429373348126051_8994215066212464715_n.jpg?stp=dst-jpg_e35_p1080x1080_sh2.08_tt6&_nc_ht=scontent-icn2-1.cdninstagram.com&_nc_cat=107&_nc_oc=Q6cZ2gH4RoI3VD9BW3snWJrLHFUkka5KXdtRKFgXBh9FUEOrIdhJAlus_wZWvOMt2SpGsvU&_nc_ohc=AW-9yu99bYUQ7kNvwE-XrD6&_nc_gid=N7k8w-PMTx0k83bCTO-YhA&edm=APU89FABAAAA&ccb=7-5&oh=00_AQAdrmTlg6_-nL2eYXoJxQ01Fl02rUDDBfY2j3WTUf8QUg&oe=6A6D4ECE&_nc_sid=bc0c2c,-1,2,0,
Eduardo Delfim Vieira,instagram,3920663720198411641,https://www.instagram.com/p/DZo_uGGMBV5/,2026-06-16T08:56:19.000Z,“O sucesso é a soma de pequenos esforços repetidos dia após dia. A dor de hoje é a força de amanhã: faça algo hoje pelo qual seu eu do futuro será grato.” #maputo #matola #vieirasgym #taekwondo #martialarts,"maputo, matola, vieirasgym, taekwondo, martialarts",https://scontent-icn2-1.cdninstagram.com/v/t51.71878-15/723137239_1522795836245731_8845837312655448800_n.jpg?stp=dst-jpg_e15_tt6&_nc_ht=scontent-icn2-1.cdninstagram.com&_nc_cat=107&_nc_oc=Q6cZ2gH4RoI3VD9BW3snWJrLHFUkka5KXdtRKFgXBh9FUEOrIdhJAlus_wZWvOMt2SpGsvU&_nc_ohc=-ltXOcz_-B4Q7kNvwH5XcvK&_nc_gid=N7k8w-PMTx0k83bCTO-YhA&edm=APU89FABAAAA&ccb=7-5&oh=00_AQB58YrRHtVc5AhFGjSt_eZrZKeBkkmsuMG7ODP0s76_JQ&oe=6A6D3A59&_nc_sid=bc0c2c,-1,2,0,
Eduardo Delfim Vieira,instagram,3900394004196536811,https://www.instagram.com/p/DYg-66AMrHr/,2026-05-19T09:44:20.000Z,"O treino funcional 💯é um método de exercício baseado nos movimentos naturais do corpo humano—como agachar🏋️‍♀️, empurrar🫸, puxar🫳, correr 🏃e saltar🤾. Ele prepara o corpo para as exigências do cotidiano e do desporto, utilizando equipamentos variados ou apenas o peso corporal. #vieirasgym  #maputo #matola #treinofitness #fitnesstraining","vieirasgym, maputo, matola, treinofitness, fitnesstraining",https://scontent-icn2-1.cdninstagram.com/v/t51.71878-15/700955469_948554431352571_3932605977624052232_n.jpg?stp=dst-jpg_e15_tt6&_nc_ht=scontent-icn2-1.cdninstagram.com&_nc_cat=103&_nc_oc=Q6cZ2gH4RoI3VD9BW3snWJrLHFUkka5KXdtRKFgXBh9FUEOrIdhJAlus_wZWvOMt2SpGsvU&_nc_ohc=oYYcZ-G8dv0Q7kNvwEBG-C_&_nc_gid=N7k8w-PMTx0k83bCTO-YhA&edm=APU89FABAAAA&ccb=7-5&oh=00_AQCT9P5PiPIokeP2RRkcFwh-YCvcsxTbrIgj5RKwuRnkoA&oe=6A6D1C30&_nc_sid=bc0c2c,-1,3,0,
Eduardo Delfim Vieira,instagram,3886950996463363366,https://www.instagram.com/p/DXxOVZbjKUm/,2026-04-30T20:24:48.000Z,"Competir é mais do que apenas ganhar, é sobre se desafiar e crescer. 11.04.2026 #wakomocambique #kickboxing #combatsport #maputo #matola  @kaz.lukas @mr_chutumia @ayed.vilas @ivanchunguas @kcorreia.vieira @banze.btw @nayltonchilundo @shaylalwmonteiro","wakomocambique, kickboxing, combatsport, maputo, matola",https://scontent-icn2-1.cdninstagram.com/v/t51.82787-15/681728933_18420421645126051_8904008458822824364_n.jpg?stp=dst-jpg_e15_tt6&_nc_ht=scontent-icn2-1.cdninstagram.com&_nc_cat=107&_nc_oc=Q6cZ2gH4RoI3VD9BW3snWJrLHFUkka5KXdtRKFgXBh9FUEOrIdhJAlus_wZWvOMt2SpGsvU&_nc_ohc=Jw02RmtiqOEQ7kNvwE-B8VR&_nc_gid=N7k8w-PMTx0k83bCTO-YhA&edm=APU89FABAAAA&ccb=7-5&oh=00_AQCy8Gq0hrDfZ78KXrVIsKVxF5PsFiXmmPh8na1MeOagdA&oe=6A6D1F3B&_nc_sid=bc0c2c,-1,5,0,
Eduardo Delfim Vieira,instagram,3879375217047124741,https://www.instagram.com/p/DXWTzTCjDsF/,2026-04-20T09:39:50.000Z,"O alongamento 🙆‍♂️antes da musculação 🏋️tem como principal objetivo preparar o corpo para o esforço físico💪, aumentando a flexibilidade e a amplitude de movimento.  Quer treinar com bom acompanhamento?Junta-te a nós”. WhatsApp: +258828436590  #maputo #matola #treinos #motivação #vidasaudavel","maputo, matola, treinos, motivação, vidasaudavel",https://scontent-icn2-1.cdninstagram.com/v/t51.82787-15/673117808_18418805983126051_5946968778361961305_n.jpg?stp=dst-jpg_e35_p1080x1080_sh2.08_tt6&_nc_ht=scontent-icn2-1.cdninstagram.com&_nc_cat=107&_nc_oc=Q6cZ2gH4RoI3VD9BW3snWJrLHFUkka5KXdtRKFgXBh9FUEOrIdhJAlus_wZWvOMt2SpGsvU&_nc_ohc=8XFaJfsoQIkQ7kNvwFTUmvl&_nc_gid=N7k8w-PMTx0k83bCTO-YhA&edm=APU89FABAAAA&ccb=7-5&oh=00_AQBAb7LXeiplS8bObBzlVUQVSMv_oyRyLXY51kuAFNRzUA&oe=6A6D3962&_nc_sid=bc0c2c,-1,1,0,
Eduardo Delfim Vieira,instagram,3862022463047921114,https://www.instagram.com/p/DWYqPfgjO3a/,2026-03-27T11:11:53.000Z,"A persistência é o caminho do êxito e a motivação transforma decisões em realidade. 👌Não espere sorte, crie-a com acções constantes, pois o esforço de hoje é o orgulho de amanhã.💪 @kaz.lukas @ayed.vilas  @domingas_lm @leidafumo @_alvaro_diogo @nayltonchilundo  #kickboxing  #wakomoçambique #maputo #matola","kickboxing, wakomoçambique, maputo, matola",https://scontent-icn2-1.cdninstagram.com/v/t51.82787-15/658641696_18415085926126051_985718702764947068_n.jpg?stp=dst-jpg_e35_s1080x1080_sh2.08_tt6&_nc_ht=scontent-icn2-1.cdninstagram.com&_nc_cat=107&_nc_oc=Q6cZ2gH4RoI3VD9BW3snWJrLHFUkka5KXdtRKFgXBh9FUEOrIdhJAlus_wZWvOMt2SpGsvU&_nc_ohc=1T1dZ9uZFWQQ7kNvwHERU-4&_nc_gid=N7k8w-PMTx0k83bCTO-YhA&edm=APU89FABAAAA&ccb=7-5&oh=00_AQCmacf9IT7voZ4a4rGpIJhe60LHPytQqcnU2ihOOZP_dQ&oe=6A6D520A&_nc_sid=bc0c2c,-1,1,0,
Eduardo Delfim Vieira,instagram,3854937065918301448,https://www.instagram.com/p/DV_fNZNjAUI/,2026-03-17T16:25:56.000Z,Mais um maravilhoso momento para contribuir para formação de novos atletas.(Taekwondo) “🔥 Treinos e Artes Marciais em Maputo/Matola | 📍Vieira’s Gym | 👇 Junta-te a nós”. WhatsApp: +258828436590  #maputo #matola #treinos #motivação #vidasaudavel,"maputo, matola, treinos, motivação, vidasaudavel",https://scontent-icn2-1.cdninstagram.com/v/t51.71878-15/654580837_3857768394533105_943814576653479578_n.jpg?stp=dst-jpg_e15_tt6&_nc_ht=scontent-icn2-1.cdninstagram.com&_nc_cat=105&_nc_oc=Q6cZ2gH4RoI3VD9BW3snWJrLHFUkka5KXdtRKFgXBh9FUEOrIdhJAlus_wZWvOMt2SpGsvU&_nc_ohc=eedG_K_rZ9IQ7kNvwE6sYdv&_nc_gid=N7k8w-PMTx0k83bCTO-YhA&edm=APU89FABAAAA&ccb=7-5&oh=00_AQBS_RaxwhlUdv1rs__vN0qtID-KusygawsgoqHJgDJizA&oe=6A6D46BE&_nc_sid=bc0c2c,-1,1,0,
Eduardo Delfim Vieira,instagram,3845664483226435718,https://www.instagram.com/p/DVei3joDECG/,2026-03-04T21:15:00.000Z,"Fui convidado pela Associação de Taekwondo da cidade de Maputo para  partilhar um pouco da minha experiência sobre como criar,gerir um ginásio/ academia de forma a que esta seja um sucesso…21/02/2026 .Quero agradecer ao elenco da Adtcm em especial ao presidente @josedaconceicaotembe  pelo convite  e dar os parabéns  a todos que participaram desta formação para instrutores e monitores de Taekwondo.",,https://scontent-icn2-1.cdninstagram.com/v/t51.82787-15/645919393_18410926960126051_4639938383957226890_n.jpg?stp=dst-jpg_e15_tt6&_nc_ht=scontent-icn2-1.cdninstagram.com&_nc_cat=107&_nc_oc=Q6cZ2gH4RoI3VD9BW3snWJrLHFUkka5KXdtRKFgXBh9FUEOrIdhJAlus_wZWvOMt2SpGsvU&_nc_ohc=9OETl8bC3jwQ7kNvwFwS7Va&_nc_gid=N7k8w-PMTx0k83bCTO-YhA&edm=APU89FABAAAA&ccb=7-5&oh=00_AQCMoz8NxUPgjJMRTLyWBPyL9TPq8QCVkCJ6W3QUuFj28g&oe=6A6D5093&_nc_sid=bc0c2c,-1,5,0,
Eduardo Delfim Vieira,instagram,3841725988636214191,https://www.instagram.com/p/DVQjW6tDEOv/,2026-02-27T10:50:00.000Z,“🔥 Treinos e Artes Marciais em Maputo/Matola | Desafio de 30 segundos 💪📍Vieira’s Gym | 👇 Junta-te a nós”. WhatsApp: +258828436590  #maputo #matola #treinos #motivação #vidasaudavel,"maputo, matola, treinos, motivação, vidasaudavel",https://scontent-icn2-1.cdninstagram.com/v/t51.71878-15/643054841_2515638918833805_7579381386880820631_n.jpg?stp=dst-jpg_e15_tt6&_nc_ht=scontent-icn2-1.cdninstagram.com&_nc_cat=109&_nc_oc=Q6cZ2gH4RoI3VD9BW3snWJrLHFUkka5KXdtRKFgXBh9FUEOrIdhJAlus_wZWvOMt2SpGsvU&_nc_ohc=S7nlN-qTGhcQ7kNvwEschsw&_nc_gid=N7k8w-PMTx0k83bCTO-YhA&edm=APU89FABAAAA&ccb=7-5&oh=00_AQCVRSfVbW1lzS6PBYmDLbiOXcNcH0Jv5R1nRGRygMG-tg&oe=6A6D1B0C&_nc_sid=bc0c2c,-1,4,0,
Eduardo Delfim Vieira,instagram,3838822519147345629,https://www.instagram.com/p/DVGPL4BjDbd/,2026-02-23T10:42:59.000Z,“🔥 Treinos e Artes Marciais em Maputo/Matola | 📍Vieira’s Gym | 👇 Junta-te a nós”. WhatsApp: +258828436590  #maputo #matola #treinos #motivação #vidasaudavel,"maputo, matola, treinos, motivação, vidasaudavel",https://scontent-icn2-1.cdninstagram.com/v/t51.71878-15/639851998_1362549278979238_5487703954421609004_n.jpg?stp=dst-jpg_e15_tt6&_nc_ht=scontent-icn2-1.cdninstagram.com&_nc_cat=110&_nc_oc=Q6cZ2gH4RoI3VD9BW3snWJrLHFUkka5KXdtRKFgXBh9FUEOrIdhJAlus_wZWvOMt2SpGsvU&_nc_ohc=nMs3IWkKOr0Q7kNvwFg81qT&_nc_gid=N7k8w-PMTx0k83bCTO-YhA&edm=APU89FABAAAA&ccb=7-5&oh=00_AQC6OFhQ8ijoJyq9Q0cmEfFTPn9thXaKbtnu_vkrVeLLbw&oe=6A6D3A5A&_nc_sid=bc0c2c,-1,19,0,
Eduardo Delfim Vieira,instagram,3813408696706027644,https://www.instagram.com/p/DTr8wFejFB8/,2026-01-19T09:09:23.000Z,"‘’Fomos criados para avançar, crescer e subir de nível. A nossa natureza é de crescimento e isso implica esforço e trabalho duro…no final vale sempre a pena”.🥊🥋 @ayed.vilas @kaz.lukas @larson_sithoy @joaquim_nhanala @banze.btw",,https://scontent-icn2-1.cdninstagram.com/v/t51.82787-15/619839491_18402385222126051_928952427689340513_n.jpg?stp=dst-jpg_e35_s1080x1080_sh2.08_tt6&_nc_ht=scontent-icn2-1.cdninstagram.com&_nc_cat=107&_nc_oc=Q6cZ2gH4RoI3VD9BW3snWJrLHFUkka5KXdtRKFgXBh9FUEOrIdhJAlus_wZWvOMt2SpGsvU&_nc_ohc=RKjThBOV6wUQ7kNvwEd7DCV&_nc_gid=N7k8w-PMTx0k83bCTO-YhA&edm=APU89FABAAAA&ccb=7-5&oh=00_AQD17hz3SdpRsY9jaBd0XAFqp5df9Z2qhgXQwJ99wZQFtQ&oe=6A6D5012&_nc_sid=bc0c2c,-1,1,0,
Eduardo Delfim Vieira,instagram,3804066981197136089,https://www.instagram.com/p/DTKwsO8DEDZ/,2026-01-06T11:49:03.000Z,“Cada desafio é uma oportunidade para crescer e se superar. Enfrentemos juntos com determinação”. #taekwondo #maputo #matola #martialarts #vieirasgym  @ayed.vilas @derciodaude @kcorreia.vieira @davidandrade64,"taekwondo, maputo, matola, martialarts, vieirasgym",https://scontent-mrs2-2.cdninstagram.com/v/t51.82787-15/611269913_18400914520126051_7353624116514207761_n.jpg?stp=dst-jpg_e35_s1080x1080_sh2.08_tt6&_nc_ht=scontent-mrs2-2.cdninstagram.com&_nc_cat=107&_nc_oc=Q6cZ2gHH1HxcfPtI2IwaDMR2UxERWQJWwYV4GH1u_RpdzK_SXKgf4vGDvG4SzMGYyEtDW8olVnhdRrbMXxGdC9sQvekR&_nc_ohc=EgyQn5Zg8CEQ7kNvwH3cAeE&_nc_gid=4jgWCXHGy7bw4qw_hp6jLA&edm=APU89FABAAAA&ccb=7-5&oh=00_AQBFCTJtnqRVRHUzz2nAekx0jP1rCuYzriaSM6PFvsabfg&oe=6A6D4F9C&_nc_sid=bc0c2c,-1,1,0,
Eduardo Delfim Vieira,instagram,3799022245671396066,https://www.instagram.com/p/DS41pq3DOLi/,2025-12-30T12:46:04.000Z,"“A dor do treino é temporária, mas a satisfação da conquista é para sempre”. Muitos parabéns pela nova etapa 🥋🥊🇲🇿… @djv.ofc  @ivanchunguas  #kickboxingmoz #wakomoçambique #vieirasgym #maputo #matola","kickboxingmoz, wakomoçambique, vieirasgym, maputo, matola",https://scontent-mrs2-2.cdninstagram.com/v/t51.82787-15/608177711_18400030924126051_717605435805103536_n.jpg?stp=dst-jpg_e35_p1080x1080_sh2.08_tt6&_nc_ht=scontent-mrs2-2.cdninstagram.com&_nc_cat=107&_nc_oc=Q6cZ2gHH1HxcfPtI2IwaDMR2UxERWQJWwYV4GH1u_RpdzK_SXKgf4vGDvG4SzMGYyEtDW8olVnhdRrbMXxGdC9sQvekR&_nc_ohc=Z6C1FEVLXp0Q7kNvwHsEr36&_nc_gid=4jgWCXHGy7bw4qw_hp6jLA&edm=APU89FABAAAA&ccb=7-5&oh=00_AQBUh7PexXEZ4r5fnMJz0XoEAkX6hB1xk3-eCMYU8VSugg&oe=6A6D4718&_nc_sid=bc0c2c,-1,2,0,
Eduardo Delfim Vieira,instagram,3795262982473928700,https://www.instagram.com/p/DSre5MLjE_8/,2025-12-25T08:17:05.000Z,🚨Nb:O ginásio continua aberto para os alunos interessados em usar as salas de treino nos horários normais de funcionamento obrigado💪🥋🏋️🥊🤼‍♂️ #vieirasgym #ginasio  #maputo #matola moçambique🇲🇿,"vieirasgym, ginasio, maputo, matola",https://scontent-mrs2-2.cdninstagram.com/v/t51.82787-15/605788477_18399432469126051_1818456259148906563_n.jpg?stp=dst-jpg_e35_p1080x1080_sh2.08_tt6&_nc_ht=scontent-mrs2-2.cdninstagram.com&_nc_cat=107&_nc_oc=Q6cZ2gHH1HxcfPtI2IwaDMR2UxERWQJWwYV4GH1u_RpdzK_SXKgf4vGDvG4SzMGYyEtDW8olVnhdRrbMXxGdC9sQvekR&_nc_ohc=dB64-JsBHAIQ7kNvwFJvTRv&_nc_gid=4jgWCXHGy7bw4qw_hp6jLA&edm=APU89FABAAAA&ccb=7-5&oh=00_AQBcmuQwICeTVq0okabaCGZB5Ra9ZWosSf8XpAA_d9wC9g&oe=6A6D2000&_nc_sid=bc0c2c,-1,1,0,
Eduardo Delfim Vieira,instagram,3789091859638021536,https://www.instagram.com/p/DSVjviLDG2g/,2025-12-16T19:56:17.000Z,"No Taekwondo, as técnicas de quebra (Gyeokpa) usam partes do corpo como mãos (punho, palma), cotovelos, pés e canelas para quebrar tábuas ou telhas, demonstrando foco, força, velocidade e precisão, e envolvem pontapés como o rotativo , lateral ,machado e gancho,além de socos e cotoveladas. São essenciais para exames(graduações) e demonstrações, exigindo concentração mental e técnicas eficazes para superar barreiras físicas e mentais(medo). #taekwondo #gym #maputo  #matola  #mozambique #vieirasgym  @derciodaude  @ayed.vilas","taekwondo, gym, maputo, matola, mozambique, vieirasgym",https://scontent-mrs2-1.cdninstagram.com/v/t51.71878-15/601528966_1901590767437645_4032619833899327991_n.jpg?stp=dst-jpg_e15_tt6&_nc_ht=scontent-mrs2-1.cdninstagram.com&_nc_cat=105&_nc_oc=Q6cZ2gHH1HxcfPtI2IwaDMR2UxERWQJWwYV4GH1u_RpdzK_SXKgf4vGDvG4SzMGYyEtDW8olVnhdRrbMXxGdC9sQvekR&_nc_ohc=20sYrrU6HZYQ7kNvwFTzjPJ&_nc_gid=4jgWCXHGy7bw4qw_hp6jLA&edm=APU89FABAAAA&ccb=7-5&oh=00_AQBLY82oL397c2TRsoAUCV6_AhQAE4F0W1Icsm0oea-WSg&oe=6A6D3B3E&_nc_sid=bc0c2c,-1,4,0,
Eduardo Delfim Vieira,instagram,3785968988086634019,https://www.instagram.com/p/DSKdrxZjIYj/,2025-12-12T12:31:35.000Z,#wakomoçambique #maputo 🇲🇿 #matola  #kickboxingmoz #gym,"wakomoçambique, maputo, matola, kickboxingmoz, gym",https://scontent-mrs2-2.cdninstagram.com/v/t51.82787-15/599906801_18397933633126051_4608931817862446032_n.jpg?stp=dst-jpg_e35_s1080x1080_sh2.08_tt6&_nc_ht=scontent-mrs2-2.cdninstagram.com&_nc_cat=107&_nc_oc=Q6cZ2gHH1HxcfPtI2IwaDMR2UxERWQJWwYV4GH1u_RpdzK_SXKgf4vGDvG4SzMGYyEtDW8olVnhdRrbMXxGdC9sQvekR&_nc_ohc=YOUOEthDiQ8Q7kNvwGnY1pY&_nc_gid=4jgWCXHGy7bw4qw_hp6jLA&edm=APU89FABAAAA&ccb=7-5&oh=00_AQDQKW7oxd4pzlFFrM8qgQy1wwAVDacFYtCj_J5_2bFgCg&oe=6A6D1AD1&_nc_sid=bc0c2c,-1,0,0,
Eduardo Delfim Vieira,instagram,3778584844381738768,https://www.instagram.com/p/DRwOuVrDFcQ/,2025-12-02T08:00:36.000Z,@kaz.lukas @ayed.vilas @mr_chutumia @vieiras_gym @djv.ofc,,https://scontent-mrs2-2.cdninstagram.com/v/t51.82787-15/589107718_18396707023126051_1573673716240471718_n.jpg?stp=dst-jpg_e35_s1080x1080_sh2.08_tt6&_nc_ht=scontent-mrs2-2.cdninstagram.com&_nc_cat=107&_nc_oc=Q6cZ2gHH1HxcfPtI2IwaDMR2UxERWQJWwYV4GH1u_RpdzK_SXKgf4vGDvG4SzMGYyEtDW8olVnhdRrbMXxGdC9sQvekR&_nc_ohc=amTn-UgK2E4Q7kNvwHGkT-X&_nc_gid=4jgWCXHGy7bw4qw_hp6jLA&edm=APU89FABAAAA&ccb=7-5&oh=00_AQD8BYpY-okDVGY3HzSimmsBQvd0APbkZ9A6qBzUKVSdfw&oe=6A6D3D9B&_nc_sid=bc0c2c,-1,2,0,
Eduardo Delfim Vieira,instagram,3771579356863557775,https://www.instagram.com/p/DRXV3FADHCP/,2025-11-22T16:20:16.000Z,"Se queres mudar o teu corpo mantenha-te em Movimento/treine,🏋️controla a tua alimentação🍗🍏 e regule o teu sono😴 (7h/8h). Lute para ter foco,dedicação e motivação e fique longe das desculpas inventadas pela tua mente… #gym #vieirasgym #calistenia #emagreciementosaudável #ginásio #mocambique  WhatsApp 828436590","gym, vieirasgym, calistenia, emagreciementosaudável, ginásio, mocambique",https://scontent-mrs2-1.cdninstagram.com/v/t51.71878-15/584059376_805708882287672_3713450155728734918_n.jpg?stp=dst-jpg_e15_tt6&_nc_ht=scontent-mrs2-1.cdninstagram.com&_nc_cat=100&_nc_oc=Q6cZ2gHH1HxcfPtI2IwaDMR2UxERWQJWwYV4GH1u_RpdzK_SXKgf4vGDvG4SzMGYyEtDW8olVnhdRrbMXxGdC9sQvekR&_nc_ohc=DixDxAcD4voQ7kNvwEYrUmR&_nc_gid=4jgWCXHGy7bw4qw_hp6jLA&edm=APU89FABAAAA&ccb=7-5&oh=00_AQBUwx_U3pjXaYzylfHnYOOT4g404ZUa_m4j3R8IkH7HHQ&oe=6A6D3052&_nc_sid=bc0c2c,-1,3,0,
Eduardo Delfim Vieira,instagram,3764230283571532433,https://www.instagram.com/p/DQ9O3_JDJKR/,2025-11-12T12:40:39.000Z,Nenhum objetivo é inalcançável quando trabalhamos em equipe e nos apoiamos mutuamente. @ayed.vilas @natalinotkd9 @derciodaude @joaojessen,,https://scontent-mrs2-2.cdninstagram.com/v/t51.82787-15/581970454_18393456136126051_3295925087447254493_n.jpg?stp=dst-jpg_e35_p1080x1080_sh2.08_tt6&_nc_ht=scontent-mrs2-2.cdninstagram.com&_nc_cat=107&_nc_oc=Q6cZ2gHH1HxcfPtI2IwaDMR2UxERWQJWwYV4GH1u_RpdzK_SXKgf4vGDvG4SzMGYyEtDW8olVnhdRrbMXxGdC9sQvekR&_nc_ohc=oMU39X0DfyEQ7kNvwHPFFm6&_nc_gid=4jgWCXHGy7bw4qw_hp6jLA&edm=APU89FABAAAA&ccb=7-5&oh=00_AQCHyucMMbXDSzo448YZKpqYRiv6eP4LbOG5LNA14RrgLg&oe=6A6D3CF7&_nc_sid=bc0c2c,-1,3,0,
Vieira's Gym,facebook,1610565591071905,https://www.facebook.com/vieirasgym/posts/pfbid0iMqwH422haeuRm7zp8QBG6EBsYPQjboLyHPTUNjhJXRgKyWq6o27kVHv1FPqgNuil,2026-04-30T20:25:06.000Z,"Competir é mais do que apenas ganhar, é sobre se desafiar e crescer. 11.04.2026 #wakomocambique #kickboxing #combatsport #maputo #matola  @kaz.lukas @mr_chutumia @ayed.vilas @ivanchunguas @kcorreia.vieira @banze.btw @nayltonchilundo @shaylalwmonteiro","wakomocambique, kickboxing, combatsport, maputo, matola","https://scontent-lga3-2.xx.fbcdn.net/v/t51.82787-15/681728933_18420421645126051_8904008458822824364_n.jpg?stp=dst-jpg_tt6&cstp=mx837x438&ctp=s590x590&_nc_cat=107&ccb=1-7&_nc_sid=127cfc&_nc_ohc=lr9Y6k8qL_IQ7kNvwFTMCZv&_nc_oc=AdpnrlwHcxZECxg77prlLs48KvUMmrEPYZuUQsby-aG4TKJOgphxRPb8bZM4ptNFcST4zO5MP6bmIFvI6kMyy2LE&_nc_zt=23&_nc_ht=scontent-lga3-2.xx&_nc_gid=ufDIvDhVX47all7UxCVmlw&_nc_ss=72289&oh=00_AQDtNgGBiqCy7cwfmuC-m9EGNNmBNn7mXQwfknZHM0CaAQ&oe=6A6D577B, https://scontent-lga3-3.xx.fbcdn.net/v/t51.82787-15/681550343_18420421663126051_5008527465380814954_n.jpg?stp=dst-jpegr_tt6&cstp=mx1440x1080&ctp=s590x590&_nc_cat=106&ccb=1-7&_nc_sid=127cfc&_nc_ohc=TtskTMNwbNwQ7kNvwHmxsC_&_nc_oc=AdrKmv16xB4AwPC5-QEpYAu0KJU_9_YdPz4GC9SvfEDnBOvIkr-I5TpO6-Fo8TgYWzbHUzDNcvCwZo-bdKT19rOW&_nc_zt=23&se=-1&_nc_ht=scontent-lga3-3.xx&_nc_gid=ufDIvDhVX47all7UxCVmlw&_nc_ss=72289&oh=00_AQAI8tOgf1Mj650JgIjzGVq0pBWEG14MkQRdJwd4AFO-nw&oe=6A6D276F, https://scontent-lga3-1.xx.fbcdn.net/v/t51.82787-15/683391453_18420421654126051_7080433992357847253_n.jpg?stp=dst-jpg_tt6&cstp=mx960x720&ctp=s590x590&_nc_cat=103&ccb=1-7&_nc_sid=127cfc&_nc_ohc=K7J0ZKfEez4Q7kNvwHG3xtI&_nc_oc=AdrR2QiGw_lJflJAt8QFUBhZYLfMRsybu9I8OEoOSDnH89I2IYnAkXJPJ2m7p2DCojC0eR4cHbb-tCpBEkMe5Tbz&_nc_zt=23&_nc_ht=scontent-lga3-1.xx&_nc_gid=ufDIvDhVX47all7UxCVmlw&_nc_ss=72289&oh=00_AQB7KihojfyHMAfK780vGV9car6ahegj457_UnyS47exMA&oe=6A6D5C12",12,1,0,
Vieira's Gym,facebook,1599842792144185,https://www.facebook.com/vieirasgym/posts/pfbid0YXmWUMwaT8vVujxvriD456yHmezxKG53SqFAGNobFP5vefDLEaPHrHXHN4uXS3pNl,2026-04-20T09:40:00.000Z,"O alongamento 🙆‍♂️antes da musculação 🏋️tem como principal objetivo preparar o corpo para o esforço físico💪, aumentando a flexibilidade e a amplitude de movimento.                         Quer treinar com bom acompanhamento?Junta-te a nós”. WhatsApp: +258828436590  #maputo #matola #treinos #motivação #vidasaudavel","maputo, matola, treinos, motiva%C3%A7%C3%A3o, vidasaudavel",https://scontent-lga3-3.xx.fbcdn.net/v/t51.82787-15/673117808_18418805983126051_5946968778361961305_n.jpg?stp=dst-jpegr_tt6&cstp=mx1440x1920&ctp=p526x296&_nc_cat=102&ccb=1-7&_nc_sid=127cfc&_nc_ohc=S3KIyPD1C2oQ7kNvwHy6Beo&_nc_oc=Adr8ZNTDr2fsqTY7LHFkqBCHwydb51rj9GsuVu0oWYBSWV8heax_JSuK8sJ6EL2uSU9oUoJj7udgrXy1zIQnVol3&_nc_zt=23&se=-1&_nc_ht=scontent-lga3-3.xx&_nc_gid=ufDIvDhVX47all7UxCVmlw&_nc_ss=72289&oh=00_AQDOew2QLKx_nKaue7fNHpBhWnO0Bz4Sugy-XOWN4nWaGA&oe=6A6D3962,3,0,0,
Vieira's Gym,facebook,1578717564256708,https://www.facebook.com/vieirasgym/posts/pfbid02AAZxccfJ1KuN5K122K62cPZsR6GAjK1u5jJE7kvKpVBkxYKsan6uL4k9ocwDDFZpl,2026-03-27T11:12:00.000Z,"A persistência é o caminho do êxito e a motivação transforma decisões em realidade. 👌Não espere sorte, crie-a com acções constantes, pois o esforço de hoje é o orgulho de amanhã.💪 @kaz.lukas @ayed.vilas  @domingas_lm @leidafumo @_alvaro_diogo @nayltonchilundo  #kickboxing  #wakomoçambique #maputo #matola","kickboxing, wakomo%C3%A7ambique, maputo, matola",https://scontent-lga3-2.xx.fbcdn.net/v/t51.82787-15/658641696_18415085926126051_985718702764947068_n.jpg?stp=dst-jpg_tt6&cstp=mx1440x915&ctp=p843x403&_nc_cat=105&ccb=1-7&_nc_sid=127cfc&_nc_ohc=SapVsT1EoIIQ7kNvwEj5jlr&_nc_oc=AdqIlu29irlfleI5Fgn9KOHV17WVAW0OJr1Y3w9Lb_w6-lA7Ezp-sUxGer8mqYwOqDKvpLv5TIVwr9nJa0BQuYm2&_nc_zt=23&_nc_ht=scontent-lga3-2.xx&_nc_gid=ufDIvDhVX47all7UxCVmlw&_nc_ss=72289&oh=00_AQAedN3sPZdXN-C3_1aPNUmiD20H5PqvGDlm-NubGNM8Bw&oe=6A6D520A,3,0,0,
Vieira's Gym,facebook,1558192906309174,https://www.facebook.com/vieirasgym/posts/pfbid0GvXSQSwhCAbfbD1C1c7jXPqiyrNpFwHJ2NKTwWVyXvCYCDBUPmgW8DjceJ1oTaUjl,2026-03-04T21:15:06.000Z,"Fui convidado pela Associação de Taekwondo da cidade de Maputo para  partilhar um pouco da minha experiência sobre como criar,gerir um ginásio/ academia de forma a que esta seja um sucesso…21/02/2026 .Quero agradecer ao elenco da Adtcm em especial ao presidente @josedaconceicaotembe  pelo convite  e dar os parabéns  a todos que participaram desta formação para instrutores e monitores de Taekwondo.",,"https://scontent-lga3-3.xx.fbcdn.net/v/t51.82787-15/645919393_18410926960126051_4639938383957226890_n.jpg?stp=dst-jpg_tt6&cstp=mx900x1200&ctp=s590x590&_nc_cat=106&ccb=1-7&_nc_sid=127cfc&_nc_ohc=fL4F6kYa4kUQ7kNvwH0Jptt&_nc_oc=AdpnyLYRdLo0pNABBa0QNlPHTHMlbKwgIvdELsS6cl273aODcosCqlajf7SXrdiZ_gY&_nc_zt=23&_nc_ht=scontent-lga3-3.xx&_nc_gid=gplL-bDEePPXxAtUlceGQQ&_nc_ss=72289&oh=00_AQCFt7Za_DnQKfvWYSL48dVfBZeqnBB1z4Y6EjL6XvNqDQ&oe=6A6D5093, https://scontent-lga3-3.xx.fbcdn.net/v/t51.82787-15/645820903_18410926969126051_4741654546695815615_n.jpg?stp=dst-jpg_tt6&cstp=mx900x1200&ctp=s590x590&_nc_cat=102&ccb=1-7&_nc_sid=127cfc&_nc_ohc=dhQjtt6MERsQ7kNvwGeMGuK&_nc_oc=AdormbdwYRoUI9RGQfSPZ27j8C_T3ZWg2K45ZDt12gce-OJttbx1x5HwYDCmesCB1Ps&_nc_zt=23&_nc_ht=scontent-lga3-3.xx&_nc_gid=gplL-bDEePPXxAtUlceGQQ&_nc_ss=72289&oh=00_AQD25Ks9P0CqJhw23AeLBQ7SVwxgBPJ_0A-CLmHEGGxVuw&oe=6A6D26E7, https://scontent-lga3-1.xx.fbcdn.net/v/t51.82787-15/645841466_18410926999126051_1724056440867713859_n.jpg?stp=dst-jpg_tt6&cstp=mx1440x1920&ctp=s590x590&_nc_cat=110&ccb=1-7&_nc_sid=127cfc&_nc_ohc=jaddLLc_iwUQ7kNvwGzIX-M&_nc_oc=AdqYiJ3-lAsO0qIMVNvn6bbl6ghqWM9ablwHiewS_pcFApOgukCuS1KH6KCMQ7afcQI&_nc_zt=23&_nc_ht=scontent-lga3-1.xx&_nc_gid=gplL-bDEePPXxAtUlceGQQ&_nc_ss=72289&oh=00_AQBw_FpnYb3C1dN4AZgegKj9VK4pts6uoitakkWCp04Xrg&oe=6A6D36B1, https://scontent-lga3-1.xx.fbcdn.net/v/t51.82787-15/645818994_18410926990126051_4895275930548750721_n.jpg?stp=dst-jpg_tt6&cstp=mx1440x1920&ctp=s590x590&_nc_cat=110&ccb=1-7&_nc_sid=127cfc&_nc_ohc=T7lLm93tHDIQ7kNvwEQ14Ru&_nc_oc=AdpsHNxMsr7Xzv7ypSGIYHKtOTfLNc_MYKBo_TQlkVzFFBczPjFBFwoJ0wSnQ1dGFl4&_nc_zt=23&_nc_ht=scontent-lga3-1.xx&_nc_gid=gplL-bDEePPXxAtUlceGQQ&_nc_ss=72289&oh=00_AQA6l6iWnYMPxT0u-EnuvlRgZvQ0c7c-jvZJiyi02O5KoQ&oe=6A6D4380, https://scontent-lga3-3.xx.fbcdn.net/v/t51.82787-15/645936300_18410926978126051_912288643384656853_n.jpg?stp=dst-jpg_tt6&cstp=mx900x1200&ctp=s590x590&_nc_cat=106&ccb=1-7&_nc_sid=127cfc&_nc_ohc=g16xcSxnuvUQ7kNvwEwXv3D&_nc_oc=AdpqPd9rA4Uju8OO7yriUoN75lnbr_PPy0XYVKTMDtcyWfNxUnsGvHh-hIlqVgIVmRk&_nc_zt=23&_nc_ht=scontent-lga3-3.xx&_nc_gid=gplL-bDEePPXxAtUlceGQQ&_nc_ss=72289&oh=00_AQCz-apuYDZMnmdZIVfpswo09vcIF9XIwWH9otzwtrFfIw&oe=6A6D5922",11,0,0,
Vieira's Gym,facebook,1516249020503563,https://www.facebook.com/vieirasgym/posts/pfbid032jJDtHxEHJxYi73QHkgKwdbkrnTd4aVnUdmL62aSjKBwTWoF5s4y8s8huykJs7z4l,2026-01-19T09:09:27.000Z,"‘’Fomos criados para avançar, crescer e subir de nível. A nossa natureza é de crescimento e isso implica esforço e trabalho duro…no final vale sempre a pena”.🥊🥋 @ayed.vilas @kaz.lukas @larson_sithoy @joaquim_nhanala @banze.btw",,https://scontent-lga3-3.xx.fbcdn.net/v/t51.82787-15/619839491_18402385222126051_928952427689340513_n.jpg?stp=dst-jpg_tt6&cstp=mx1440x1080&ctp=s720x720&_nc_cat=106&ccb=1-7&_nc_sid=127cfc&_nc_ohc=sadTdI8_MgkQ7kNvwEVuKuy&_nc_oc=AdoREygiDjlPO9wPLROB3K9plDmIm7bzxqGnVH5YnWcZOq1-MjePHI2p19VOUA-G7jQ&_nc_zt=23&_nc_ht=scontent-lga3-3.xx&_nc_gid=gplL-bDEePPXxAtUlceGQQ&_nc_ss=72289&oh=00_AQDFrjnTUX1uPocyghHYuHo2jv3t8x4LCt1EstmFWNokrQ&oe=6A6D5012,4,0,1,
Vieira's Gym,facebook,1505341391594326,https://www.facebook.com/vieirasgym/posts/pfbid03Y3NfUn6VEaZRmxPCdSVKqdNdUipbBPmZBCxJQix618AxjmDUybZv4ar4YrJ3deJl,2026-01-06T11:49:07.000Z,“Cada desafio é uma oportunidade para crescer e se superar. Enfrentemos juntos com determinação”.                         #taekwondo #maputo #matola #martialarts #vieirasgym  @ayed.vilas @derciodaude @kcorreia.vieira @davidandrade64,"taekwondo, maputo, matola, martialarts, vieirasgym",https://scontent-lga3-2.xx.fbcdn.net/v/t51.82787-15/611269913_18400914520126051_7353624116514207761_n.jpg?stp=dst-jpg_tt6&cstp=mx1440x754&ctp=s960x960&_nc_cat=101&ccb=1-7&_nc_sid=127cfc&_nc_ohc=g2Md0IjH4nEQ7kNvwGNUgQf&_nc_oc=Ado9BsBTIc1Ps8K10UXkW2OQB_SDynhT6OcNnr7YreGgqHWp3gSNNrg7PP3nmyRK-AA&_nc_zt=23&_nc_ht=scontent-lga3-2.xx&_nc_gid=gplL-bDEePPXxAtUlceGQQ&_nc_ss=72289&oh=00_AQA4BdYWvJOWTrqjcTywVJnok_KA7lhzc7-Kda8oKSyVVQ&oe=6A6D4F9C,0,0,0,
Vieira's Gym,facebook,1499794242149041,https://www.facebook.com/vieirasgym/posts/pfbid028Fq7tLzvUgMhne4kiWhVZ7b3c1Q8sw4ygW69WWCm61YGpkRyim4BY9rHpRwpg7YUl,2025-12-30T12:46:09.000Z,"“A dor do treino é temporária, mas a satisfação da conquista é para sempre”.  Muitos parabéns pela nova etapa 🥋🥊🇲🇿… @djv.ofc  @ivanchunguas  #kickboxingmoz #wakomoçambique #vieirasgym #maputo #matola","kickboxingmoz, wakomo%C3%A7ambique, vieirasgym, maputo, matola",https://scontent-atl3-3.xx.fbcdn.net/v/t51.82787-15/608177711_18400030924126051_717605435805103536_n.jpg?stp=dst-jpg_tt6&cstp=mx1440x1636&ctp=s590x590&_nc_cat=107&ccb=1-7&_nc_sid=127cfc&_nc_ohc=YwxSv-ydUn0Q7kNvwEMHv4z&_nc_oc=Adq3hUnrBPQdeRxYdZ6TyPINN0guYiRugur-4ryDyqkyyPQZmhoYYkJsZ5EHBETpfQs&_nc_zt=23&_nc_ht=scontent-atl3-3.xx&_nc_gid=90VW3uU32NSbKnhXXCBSJQ&_nc_ss=72289&oh=00_AQCNxfduSZoqbDRwvIh6WLCM1d_l8tfQTiFWelkrshT2yA&oe=6A6D4718,5,0,0,
Vieira's Gym,facebook,1495725489222583,https://www.facebook.com/vieirasgym/posts/pfbid0wpohiL8PUM6QrdjkxJ4toUBzW44Q4MHueX7wt6p7VAqmppmbuC9m2d9Kyam5mxgQl,2025-12-25T08:17:10.000Z,🚨Nb:O ginásio continua aberto para os alunos interessados em usar as salas de treino nos horários normais de funcionamento obrigado💪🥋🏋️🥊🤼‍♂️  #vieirasgym #ginasio  #maputo #matola moçambique🇲🇿,"vieirasgym, ginasio, maputo, matola",https://scontent-atl3-3.xx.fbcdn.net/v/t51.82787-15/605788477_18399432469126051_1818456259148906563_n.jpg?stp=dst-jpg_tt6&cstp=mx1365x1820&ctp=p526x296&_nc_cat=110&ccb=1-7&_nc_sid=127cfc&_nc_ohc=xSaYA7QXfKgQ7kNvwF8mLPV&_nc_oc=AdqvvC7u6nujQofn4kkqaK7b94oezH4oPGNaGovschNap_x406TwXCo5CmStHToNqXI&_nc_zt=23&_nc_ht=scontent-atl3-3.xx&_nc_gid=90VW3uU32NSbKnhXXCBSJQ&_nc_ss=72289&oh=00_AQA2d-zmjFBa-CzvDwO_tmC1125pWJQCu60zSmSFpsFTtw&oe=6A6D5840,2,0,0,
Vieira's Gym,facebook,1484696613658804,https://www.facebook.com/vieirasgym/posts/pfbid0aALtYduJaXvKTuv6LXdXixvBzsFrsh2C1eidwryzCzthUwjk2VFw18DuStLXd7Wxl,2025-12-12T12:31:41.000Z,#wakomoçambique #kickboxingmozambique🇲🇿,"wakomo%C3%A7ambique, kickboxingmozambique",https://scontent-atl3-2.xx.fbcdn.net/v/t51.82787-15/599906801_18397933633126051_4608931817862446032_n.jpg?stp=dst-jpg_tt6&cstp=mx1440x943&ctp=p180x540&_nc_cat=105&ccb=1-7&_nc_sid=127cfc&_nc_ohc=udHX6G9zz8gQ7kNvwGSGqom&_nc_oc=AdqWaABUcLn39jQB5aE98ViunvjyWIuCPBYjo6YdkLy-mMBCzdio_ZkwV9fCezKP2wM&_nc_zt=23&_nc_ht=scontent-atl3-2.xx&_nc_gid=90VW3uU32NSbKnhXXCBSJQ&_nc_ss=72289&oh=00_AQCe1YHUIBxIdL1dAhB-Vql-5n1LJ2qMnLsg9oKcovJ3_Q&oe=6A6D5311,4,0,1,
Vieira's Gym,facebook,1475542891240843,https://www.facebook.com/vieirasgym/posts/pfbid0uchhgbpkVToDXu55GfQncVv9C4ScQ1EEwMyjy3w7gyAosL3RnAqSTnQqz2M5Yebvl,2025-12-02T08:00:40.000Z,@kaz.lukas @ayed.vilas @mr_chutumia @vieiras_gym @djv.ofc,,https://scontent-lga3-2.xx.fbcdn.net/v/t51.82787-15/589107718_18396707023126051_1573673716240471718_n.jpg?stp=dst-jpg_tt6&cstp=mx1440x1080&ctp=s720x720&_nc_cat=105&ccb=1-7&_nc_sid=127cfc&_nc_ohc=iBx3p83dQKQQ7kNvwH3SMqs&_nc_oc=AdqKRF5mTVxnFx4GCrVBUujy1FBY6dP0SxHw5L2lx6d8mA4lgCZ91Ih_gqwQgrasJwE&_nc_zt=23&_nc_ht=scontent-lga3-2.xx&_nc_gid=QBbHbXqu6O-SFz84Y9FPcw&_nc_ss=72289&oh=00_AQD8qpSb9manz6_YfA0ISIC61azrW9wnXxvA8V1TnHJqxg&oe=6A6D3D9B,6,1,1,[object Object]
Vieira's Gym,facebook,1456674449794354,https://www.facebook.com/vieirasgym/posts/pfbid02kKK6YQHhqnPbdihxBNuJD9c1AhXdEZwsTpJUb1sLeDvcBizo2uiAMr5UViTgJsUJl,2025-11-12T12:40:44.000Z,Nenhum objetivo é inalcançável quando trabalhamos em equipe e nos apoiamos mutuamente. @ayed.vilas @natalinotkd9 @derciodaude @joaojessen,,https://scontent-lga3-1.xx.fbcdn.net/v/t51.82787-15/581970454_18393456136126051_3295925087447254493_n.jpg?stp=dst-jpg_tt6&cstp=mx1279x1366&ctp=p180x540&_nc_cat=109&ccb=1-7&_nc_sid=127cfc&_nc_ohc=XC5NsXb_FgcQ7kNvwFcSq8C&_nc_oc=AdoxKRzopqu7xBLBp3_egWots0t24EUHXf4Gho49AZrkYq2gyoY5nZwQ3hmZF8y7V0c&_nc_zt=23&_nc_ht=scontent-lga3-1.xx&_nc_gid=QBbHbXqu6O-SFz84Y9FPcw&_nc_ss=72289&oh=00_AQBvF4ICe-gOMht9syUyjdN7Tko-i-5Tj3_dfRuopEi7yA&oe=6A6D3CF7,10,1,0,[object Object]
Vieira's Gym,facebook,1433972595397873,https://www.facebook.com/vieirasgym/posts/pfbid02cTUCiU2Qq1Awt5Af7n17xPThuxojHj8nXs6uigGTUjCN7DJwqXLFF11PmK7S1iS9l,2025-10-21T10:24:57.000Z,,,https://scontent-lga3-3.xx.fbcdn.net/v/t51.82787-15/567264813_18389621803126051_8961864261518889606_n.jpg?stp=dst-jpg_tt6&cstp=mx1094x911&ctp=s600x600&_nc_cat=102&ccb=1-7&_nc_sid=127cfc&_nc_ohc=OduLGjFljXIQ7kNvwHtEEYJ&_nc_oc=AdoBPl6Lal1jXDapf9UZ3ZA4HO-Z43zl8qcJXfxdVP4HM_sDLnNPn7A3mFBeQre1aNw&_nc_zt=23&_nc_ht=scontent-lga3-3.xx&_nc_gid=QBbHbXqu6O-SFz84Y9FPcw&_nc_ss=72289&oh=00_AQAirSY33Uf0xgfo-Gm5D4nmhSvRmB8vus4XAoL-KtSi2w&oe=6A6D4A8D,9,0,0,
Vieira's Gym,facebook,1415420637253069,https://www.facebook.com/vieirasgym/posts/pfbid02TTSpLx2o4cYY98s9tGwApaPviYKiaamJGyGE3JKAs89MgBufG59fcnzYKN9bK5Kyl,2025-10-04T10:02:57.000Z,Organização e arbitragem do campeonato de taekwondo 20.09.2025 @ayed.vilas @derciodaude @natalinotkd9 @kcorreia.vieira @joaojessen  #gym #maputo #vieirasgym,"gym, maputo, vieirasgym",https://scontent-dfw6-2.xx.fbcdn.net/v/t51.82787-15/559201838_18386495218126051_5507386497564803455_n.jpg?stp=dst-jpg_tt6&cstp=mx1440x1440&ctp=p526x296&_nc_cat=110&ccb=1-7&_nc_sid=127cfc&_nc_ohc=wdKdRUHOnGoQ7kNvwHBr8aZ&_nc_oc=AdosVDvXk-Ng6ZN5VCBgVi3Z_lKBGmrw15OQkM7TVtAS_Zfkz8vfAUVFmsawUuRDSIU&_nc_zt=23&_nc_ht=scontent-dfw6-2.xx&_nc_gid=gi7uOYaPxzZfohAJUFLo5g&_nc_ss=72289&oh=00_AQCM9nn6qCDuFa4kb8XC392gJzaJdnJEiaRucvNjqVnOMw&oe=6A6D516F,5,0,0,
Vieira's Gym,facebook,1413418920786574,https://www.facebook.com/vieirasgym/posts/pfbid0hLm9BQhxT7QvG4JQZ7ganCU3fBk126YXGmLMJeEssSsDamTRS3Dz4V7e7dpVf3NPl,2025-10-02T09:29:03.000Z,Campeonato de Taekwondo Técnica e Combate  20.09.2025       #taekwondo #maputo #vieirasgym #mocambique🇲🇿  @ayed.vilas @natalinotkd9 @derciodaude @kcorreia.vieira @joaojessen,"taekwondo, maputo, vieirasgym, mocambique","https://scontent-dfw6-1.xx.fbcdn.net/v/t51.82787-15/557428677_18386178013126051_6696946722801537047_n.jpg?stp=dst-jpegr_tt6&cstp=mx1440x1440&ctp=s590x590&_nc_cat=101&ccb=1-7&_nc_sid=127cfc&_nc_ohc=4yrXHMPeBLUQ7kNvwFdKSYW&_nc_oc=Adr424uWgRJ0l7L2FlOJtELU2L5gKY1ktr1JZRMAs7wH1vBQ2jKVZWYKp0h77SyGJUE&_nc_zt=23&se=-1&_nc_ht=scontent-dfw6-1.xx&_nc_gid=gi7uOYaPxzZfohAJUFLo5g&_nc_ss=72289&oh=00_AQAfLxnTuk8lSMvYk894dSTG5QxaYqggEB3Wj_VIcQwd5Q&oe=6A6D3BBC, https://scontent-dfw6-1.xx.fbcdn.net/v/t51.82787-15/558011932_18386178028126051_7252434226060350150_n.jpg?stp=dst-jpegr_tt6&cstp=mx1440x1440&ctp=s590x590&_nc_cat=102&ccb=1-7&_nc_sid=127cfc&_nc_ohc=aRIeg-yDxvoQ7kNvwFAyxKi&_nc_oc=AdophqETZaf8NEIUv3g2OHmIzsMrvOVpvfiZD79EyljBWtexnDcx8PwzUomeg8zGLmE&_nc_zt=23&se=-1&_nc_ht=scontent-dfw6-1.xx&_nc_gid=gi7uOYaPxzZfohAJUFLo5g&_nc_ss=72289&oh=00_AQAD-w_N_jAHuKhu0lOhGlQl6Pi7Vv3YZ0mjGrPf9_E-EA&oe=6A6D4AAF, https://scontent-dfw6-1.xx.fbcdn.net/v/t51.82787-15/557360437_18386178040126051_2099777730286187565_n.jpg?stp=dst-jpegr_tt6&cstp=mx1440x1440&ctp=s590x590&_nc_cat=101&ccb=1-7&_nc_sid=127cfc&_nc_ohc=PjAhHzW-eHkQ7kNvwE0-meP&_nc_oc=AdqwWE08PNOn2N2y3xCacf8ZQdEGdA-Rq0D0DLKH9nThgLDJeAlhVJTMgvWjwOnpSGg&_nc_zt=23&se=-1&_nc_ht=scontent-dfw6-1.xx&_nc_gid=gi7uOYaPxzZfohAJUFLo5g&_nc_ss=72289&oh=00_AQCgwLESEkU_73LL2wfnYtVbbE0YfKD7OQ1J6WjbD_7B8w&oe=6A6D364E, https://scontent-dfw5-1.xx.fbcdn.net/v/t51.82787-15/559666227_18386178049126051_1346711057035483224_n.jpg?stp=dst-jpegr_tt6&cstp=mx1440x1440&ctp=s590x590&_nc_cat=111&ccb=1-7&_nc_sid=127cfc&_nc_ohc=rpktDtEIjcEQ7kNvwF0VZ-b&_nc_oc=Adpkk2-mcOjWcY72YFeHjOY7Ael2cCk4RFaoEkqtgli157HwS6YRshPHLjyUiCw0WJU&_nc_zt=23&se=-1&_nc_ht=scontent-dfw5-1.xx&_nc_gid=gi7uOYaPxzZfohAJUFLo5g&_nc_ss=72289&oh=00_AQAfnpcvrHcccOVid-KoMkqsts-RuolTrKA__n8OXXN0Xw&oe=6A6D4EFC, https://scontent-dfw5-1.xx.fbcdn.net/v/t51.82787-15/558452602_18386178064126051_2747747443831867163_n.jpg?stp=dst-jpegr_tt6&cstp=mx1440x1440&ctp=s590x590&_nc_cat=106&ccb=1-7&_nc_sid=127cfc&_nc_ohc=3N9mWpkRm9YQ7kNvwFJFkQp&_nc_oc=AdogtSdVZ61y1hRGF9Qh3KQ8Q2dDIASwxZRqN17cxlTTiO_hVHro2mERQa6GtFqIqfQ&_nc_zt=23&se=-1&_nc_ht=scontent-dfw5-1.xx&_nc_gid=gi7uOYaPxzZfohAJUFLo5g&_nc_ss=72289&oh=00_AQCEQd-ZvS9zuUepN1pYkmrJLOdlpEAW8Ej4-lmMxSvVJQ&oe=6A6D4997",2,0,0,
Vieira's Gym,facebook,1403436011784865,https://www.facebook.com/vieirasgym/posts/pfbid021vEDvvvRkBZwPbrG9BtThBV6qM9vQtmnAa3ZZ76uLDwabp4fWLv3sFNjmKwNMjjCl,2025-09-22T10:04:03.000Z,O nosso muito obrigado a Equipe de arbitragem/ Organização do campeonato De kickboxing L.C.   #wakomoçambique #kickboxing #vieirasgym  #maputo  @kaz.lukas @ayed.vilas @ivanchunguas  @kcorreia.vieira,"wakomo%C3%A7ambique, kickboxing, vieirasgym, maputo",https://scontent-dfw5-2.xx.fbcdn.net/v/t51.82787-15/551981828_18384676420126051_3295109863735284680_n.jpg?stp=dst-jpg_tt6&cstp=mx1440x1115&ctp=p180x540&_nc_cat=104&ccb=1-7&_nc_sid=127cfc&_nc_ohc=3ADUJbDqLUMQ7kNvwEWNFaF&_nc_oc=AdpQueXUDBfKgEKqgGUTIQlMXdmSql-r26_vVn25QdDbg34EZrmbBPzwJXC8Dd8LP3o&_nc_zt=23&_nc_ht=scontent-dfw5-2.xx&_nc_gid=gi7uOYaPxzZfohAJUFLo5g&_nc_ss=72289&oh=00_AQCPuKuYqzSUvh3q7tUl2lLloQealVtev5gmFZguldHI_Q&oe=6A6D562C,11,0,0,
Vieira's Gym,facebook,1397581622370304,https://www.facebook.com/vieirasgym/posts/pfbid0dW5jeAoVWQta5u1Csh3L9u5wpkFZds3GCQzeKtbGux7f2psrhTjq6Bs7U92cv7PLl,2025-09-16T08:41:32.000Z,"Parabéns a *todos os intervenientes* neste campeonato de kickboxing!🥊🇲🇿
Organizadores, atletas, treinadores, e público — todos deram o seu melhor e mostraram que, quando trabalhamos juntos, *ninguém perde, todos ganham.* 🙌
Foi bonito de ver o espírito desportivo, a entrega, a evolução dos atletas e, acima de tudo, o respeito dentro e fora do tatame. Cada combate foi uma aula de superação!
Quero deixar um destaque especial para a *nova escola do Tsalala(Matola)*, que mostrou que está a crescer com força, foco e talento. 👏 O futuro promete — e muito!
A caminhada continua. A frente é o caminho.
*Vamos juntos, passo a passo, levantar ainda mais o nome do kickboxing!*
*Força a todos e até o próximo Campeonato!* 💪🔥🥊🇲🇿 @kaz.lukas",,"https://scontent-lga3-3.xx.fbcdn.net/v/t51.82787-15/549127494_18383848669126051_8382251072684987345_n.jpg?stp=dst-jpg_tt6&cstp=mx845x446&ctp=s590x590&_nc_cat=108&ccb=1-7&_nc_sid=127cfc&_nc_ohc=gm5P8tp7S7kQ7kNvwFCoCwt&_nc_oc=Adp3BbxvHvWIuZGCs6TCDkDtq-CVmaynoyZqlh0rqurHbIwYecboHTVJG-jEbn1Y3pA&_nc_zt=23&_nc_ht=scontent-lga3-3.xx&_nc_gid=VqIAWjr-FbujmIOgo6jGGg&_nc_ss=72289&oh=00_AQCyVs2OPqFrligp6RM_5tjJuoxw4imQe2ldkcKbvrim7A&oe=6A6D3C0E, https://scontent-lga3-1.xx.fbcdn.net/v/t51.82787-15/549288636_18383848684126051_9117256454105390060_n.jpg?stp=dst-jpegr_tt6&cstp=mx1440x1920&ctp=s590x590&_nc_cat=110&ccb=1-7&_nc_sid=127cfc&_nc_ohc=zmlnYPDWs2EQ7kNvwHyesP3&_nc_oc=Adp_R3IjbXmPSOPPU2J7kTK50GP65wli1ixS0GSFhx0ACHzdIZVRfYKjwrUIaLWGta0&_nc_zt=23&se=-1&_nc_ht=scontent-lga3-1.xx&_nc_gid=VqIAWjr-FbujmIOgo6jGGg&_nc_ss=72289&oh=00_AQBqZjRPNgzP98xc2KkrlLA3wz8pFPZ_zMZ3aLiQURbLvA&oe=6A6D50AD, https://scontent-lga3-2.xx.fbcdn.net/v/t51.82787-15/549209929_18383848711126051_3731486930098471608_n.jpg?stp=dst-jpegr_tt6&cstp=mx1440x1920&ctp=s590x590&_nc_cat=107&ccb=1-7&_nc_sid=127cfc&_nc_ohc=Du06N-WudlkQ7kNvwGTsaGs&_nc_oc=AdojdGSxdCmTFx9-vNE6tdvZtx5bwZBCfrpu_kqGQV-DMsVo9hILAQrrMzPalxrpBYc&_nc_zt=23&se=-1&_nc_ht=scontent-lga3-2.xx&_nc_gid=VqIAWjr-FbujmIOgo6jGGg&_nc_ss=72289&oh=00_AQC-zr_5FsG5uObsQEfE1gmLTmFwMzq--2H9zOzSieGjNg&oe=6A6D310C, https://scontent-lga3-2.xx.fbcdn.net/v/t51.82787-15/548952969_18383848693126051_5963499226889321092_n.jpg?stp=dst-jpegr_tt6&cstp=mx1440x1920&ctp=s590x590&_nc_cat=101&ccb=1-7&_nc_sid=127cfc&_nc_ohc=ZSxgSxcRaacQ7kNvwGuWJVG&_nc_oc=Adq-yPetH5CUIy60HbUKXK6EH9Cau3Hy_152gkq3iZbQ6wrGMP7IT5HP2JjA4YrcWwI&_nc_zt=23&se=-1&_nc_ht=scontent-lga3-2.xx&_nc_gid=VqIAWjr-FbujmIOgo6jGGg&_nc_ss=72289&oh=00_AQAX5I7jA46V22ID9Sjg-bmDmUueCd6vidd_ZXlE-IvyHg&oe=6A6D5098, https://scontent-lga3-2.xx.fbcdn.net/v/t51.82787-15/548841759_18383848702126051_752165649187128659_n.jpg?stp=dst-jpegr_tt6&cstp=mx1440x1920&ctp=s590x590&_nc_cat=107&ccb=1-7&_nc_sid=127cfc&_nc_ohc=HrnbAGTSeK4Q7kNvwHjtNs1&_nc_oc=AdoD6f82N94Y9Qrjay0wWL0huEh8o6fJqG6cxSFUS5d4yqyZ1Y0wW82PKZnYU582vi0&_nc_zt=23&se=-1&_nc_ht=scontent-lga3-2.xx&_nc_gid=VqIAWjr-FbujmIOgo6jGGg&_nc_ss=72289&oh=00_AQC-aJAwOJeK8vfLKjJqTWpGxVPU7i0ATBYMkNk-3omZOA&oe=6A6D4B7F",11,0,0,
Vieira's Gym,facebook,1348222807306186,https://www.facebook.com/vieirasgym/posts/pfbid0ghCBVh5V6GJYXQjuEkFLJ1jMgFgNMWtvLVjZmVcxxNb1hkUSQjBeep9JQXyfCZgQl,2025-07-26T07:48:23.000Z,Seminário de Taekwondo  19.07.2025,,"https://scontent-lga3-1.xx.fbcdn.net/v/t51.82787-10/523169179_18377356312126051_8580327048910264124_n.jpg?stp=dst-jpg_tt6&cstp=mx720x405&ctp=s590x590&_nc_cat=109&ccb=1-7&_nc_sid=5fad0e&_nc_ohc=IponNX4ZNxgQ7kNvwFKBpGG&_nc_oc=AdqJc3ZQKPVQS5q-c9FqWNlKZ0oN31a48euhx96FtJsKrEIdJNAVvpG-Bpl3nupNUxI&_nc_zt=23&_nc_ht=scontent-lga3-1.xx&_nc_gid=VqIAWjr-FbujmIOgo6jGGg&_nc_ss=72289&oh=00_AQDl4jbslWDR8kOwarHp9BjxGFRGbOoQrzT6R3J9oWQggQ&oe=6A6D56F2, https://scontent-lga3-2.xx.fbcdn.net/v/t51.82787-10/521567184_18377356321126051_6176299110192822271_n.jpg?stp=dst-jpg_tt6&cstp=mx720x405&ctp=s590x590&_nc_cat=107&ccb=1-7&_nc_sid=5fad0e&_nc_ohc=hkmUxho_ulYQ7kNvwEBW8XX&_nc_oc=AdrBw3P5oHqA0_RSSaxjlYdxT9eyH3Sew_-iSEGUBdS0upWBhRPpRUE6s9OMVCGxVV4&_nc_zt=23&_nc_ht=scontent-lga3-2.xx&_nc_gid=VqIAWjr-FbujmIOgo6jGGg&_nc_ss=72289&oh=00_AQCSuZXDb5Kpuk9DJp7IG57Vvn3e-GvhINp83werW2Ecyg&oe=6A6D4502",2,0,0,
Vieira's Gym,facebook,1342893404505793,https://www.facebook.com/vieirasgym/posts/pfbid02zJrTbfN4Q3AccKDB9bC9BczqLVtcbC1ZoU6YFKbZDrKHeAByNWDh24WMTyzUGrfvl,2025-07-20T17:48:30.000Z,🥋Se conseguirmos unir a nossa família pelo espírito nada é impossível de alcançar…Muito obrigado a todos 🤲  #taekwondofamily #taekwondomarcial #matola #maputo #mozambique #mocambique #artesmarciais #martialarts #thankyou #muitoobrigado  #mozambique🇲🇿,"taekwondofamily, taekwondomarcial, matola, maputo, mozambique, mocambique, artesmarciais, martialarts, thankyou, muitoobrigado, mozambique",https://scontent-lga3-1.xx.fbcdn.net/v/t51.82787-15/520944653_18376675552126051_7760101846959529826_n.jpg?stp=dst-jpegr_tt6&cstp=mx1440x1796&ctp=s640x640&_nc_cat=103&ccb=1-7&_nc_sid=127cfc&_nc_ohc=Ourx0AQgBP4Q7kNvwFXwG0U&_nc_oc=AdoiJAR4RDUPnYGyt1qjfXLMDezQ7Zm9EYyAM6kJZYcrPGOAyXuWBS9UMCFw10nnvYs&_nc_zt=23&se=-1&_nc_ht=scontent-lga3-1.xx&_nc_gid=VqIAWjr-FbujmIOgo6jGGg&_nc_ss=72289&oh=00_AQAzUeT7EYf8t1jEtpvtEKijrOaQwXCD4be99957dqWaug&oe=6A6D34CD,3,0,0,
Vieira's Gym,facebook,1338134991648301,https://www.facebook.com/vieirasgym/posts/pfbid037xnvhWMvDmG4E592NcBvGotS2s1j95CHoPJcKUkJRCe6su66UbJPztMUpRXg8bXBl,2025-07-15T12:39:14.000Z,"Transforme o seu corpo,sua vida a cada treino!!!💪 #Gym #Ginasioemmaputo  #maputocity #transformaçãocorporal  #maputomozambique  @ayed.vilas @kcorreia.vieira","gym, ginasioemmaputo, maputocity, transforma%C3%A7%C3%A3ocorporal, maputomozambique",https://scontent-mia3-3.xx.fbcdn.net/v/t51.82787-15/518221482_18376031005126051_6481820276819439999_n.jpg?stp=dst-jpg_tt6&cstp=mx847x1059&ctp=s640x640&_nc_cat=108&ccb=1-7&_nc_sid=127cfc&_nc_ohc=bcqehZWyA4EQ7kNvwG76Q7L&_nc_oc=AdpE8UVUgQivQ8uAMY6nWOqe-vHJwWdjznXNly9CFhLrKTpw6AUrHOtMo94pq-8uwEM&_nc_zt=23&_nc_ht=scontent-mia3-3.xx&_nc_gid=Ec-onIxSXPtgbMqJ4Ail0g&_nc_ss=72289&oh=00_AQDuvB6EVssLRn_T5fsfJ0yJcHOYZURbQIVuGMZv6hJ6Pg&oe=6A6D568B,4,0,0,
Vieira's Gym,facebook,1330364715758662,https://www.facebook.com/vieirasgym/posts/pfbid0SLggNkjW8TpFo8XMmvHR39nXCj732Aps5VQYCLRppSSzPvCETZdnt96iFRbmTmuVl,2025-07-06T15:39:31.000Z,Organização é a chave para a liberdade. Liberte-se da desordem e conquiste seus objetivos com mais clareza e eficiência.”    #kickboxing   #wakomoçambique  #mozkickboxing  #mozambique🇲🇿   #kickboxingmoz,"kickboxing, wakomo%C3%A7ambique, mozkickboxing, mozambique, kickboxingmoz",https://scontent-mia5-1.xx.fbcdn.net/v/t51.82787-15/505754393_18374951650126051_1226770732563580589_n.jpg?stp=dst-jpg_tt6&cstp=mx1440x1219&ctp=s590x590&_nc_cat=101&ccb=1-7&_nc_sid=127cfc&_nc_ohc=hKzH2SzHJX4Q7kNvwHXjRDp&_nc_oc=AdoX8-oA_nzm6hyxfDjrs1HsF9J4wweq5A82pJYtzcUhRqf29W47EBxP0xsp5ZeeJuU&_nc_zt=23&_nc_ht=scontent-mia5-1.xx&_nc_gid=Ec-onIxSXPtgbMqJ4Ail0g&_nc_ss=72289&oh=00_AQA3Y0ptIHdCKhZ0HjeG6NuT9M8BZLYtJ7ne1cOmjScxzQ&oe=6A6D37B0,6,0,1,
Eduardo Delfim Vieira,instagram,3946022296064534565,https://www.instagram.com/p/DbDFl8Qsqgl/,2026-07-21T10:30:08.000Z,Só se realiza aquilo que se acredita. Avante e fé nos nossos sonhos.  #kickboxing  #wakomoçambique #combatsports #vieirasgym #maputomozambique🇲🇿,"kickboxing, wakomoçambique, combatsports, vieirasgym, maputomozambique🇲🇿",https://instagram.fbcn15-1.fna.fbcdn.net/v/t51.82787-15/753231550_18433214974126051_443433838038079502_n.jpg?stp=dst-jpg_e35_s1080x1080_sh2.08_tt6&_nc_ht=instagram.fbcn15-1.fna.fbcdn.net&_nc_cat=107&_nc_oc=Q6cZ2gELnW0YRzXy2yqwEELNYqwK2dJ8oNGZbQP96XA6DiznxFgmgyqloKyWuAZJ-jR1nik&_nc_ohc=bxeUc4JqBPUQ7kNvwEeHhAE&_nc_gid=RWHBawbZOLXMdYuGsEcfGw&edm=APU89FABAAAA&ccb=7-5&oh=00_AQAJ_u3V8Sa4MZ1TwPR_rO1PZWxydlP101n6bLpec7GvOQ&oe=6A6D394E&_nc_sid=bc0c2c,-1,0,0,
Eduardo Delfim Vieira,instagram,3928649526049646127,https://www.instagram.com/p/DaFXe3XMiYv/,2026-06-27T09:12:51.000Z,"Um verdadeiro guerreiro nunca desiste, mesmo diante das adversidades. Guerreiro é feito de fé, de força e, especialmente, de muita coragem.  #wakomoçambique  #kickboxing #vieirasgym #kickboxingmoz #gym","wakomoçambique, kickboxing, vieirasgym, kickboxingmoz, gym",https://instagram.fbcn15-1.fna.fbcdn.net/v/t51.82787-15/731031423_18429373348126051_8994215066212464715_n.jpg?stp=dst-jpg_e35_p1080x1080_sh2.08_tt6&_nc_ht=instagram.fbcn15-1.fna.fbcdn.net&_nc_cat=107&_nc_oc=Q6cZ2gELnW0YRzXy2yqwEELNYqwK2dJ8oNGZbQP96XA6DiznxFgmgyqloKyWuAZJ-jR1nik&_nc_ohc=AW-9yu99bYUQ7kNvwH_6NSq&_nc_gid=RWHBawbZOLXMdYuGsEcfGw&edm=APU89FABAAAA&ccb=7-5&oh=00_AQB1RnQnNUIgHmBlagYL6VOo9sDgtbO_A_902K7EnFzeJQ&oe=6A6D4ECE&_nc_sid=bc0c2c,-1,2,0,
Eduardo Delfim Vieira,instagram,3920663720198411641,https://www.instagram.com/p/DZo_uGGMBV5/,2026-06-16T08:56:19.000Z,“O sucesso é a soma de pequenos esforços repetidos dia após dia. A dor de hoje é a força de amanhã: faça algo hoje pelo qual seu eu do futuro será grato.” #maputo #matola #vieirasgym #taekwondo #martialarts,"maputo, matola, vieirasgym, taekwondo, martialarts",https://instagram.fbcn15-1.fna.fbcdn.net/v/t51.71878-15/723137239_1522795836245731_8845837312655448800_n.jpg?stp=dst-jpg_e15_tt6&_nc_ht=instagram.fbcn15-1.fna.fbcdn.net&_nc_cat=107&_nc_oc=Q6cZ2gELnW0YRzXy2yqwEELNYqwK2dJ8oNGZbQP96XA6DiznxFgmgyqloKyWuAZJ-jR1nik&_nc_ohc=-ltXOcz_-B4Q7kNvwFVrNVR&_nc_gid=RWHBawbZOLXMdYuGsEcfGw&edm=APU89FABAAAA&ccb=7-5&oh=00_AQBKSC_Q129uPMvJci19tKy4uTaNJg_d9hcGxJTNnK5aNw&oe=6A6D3A59&_nc_sid=bc0c2c,-1,2,0,
Eduardo Delfim Vieira,instagram,3900394004196536811,https://www.instagram.com/p/DYg-66AMrHr/,2026-05-19T09:44:20.000Z,"O treino funcional 💯é um método de exercício baseado nos movimentos naturais do corpo humano—como agachar🏋️‍♀️, empurrar🫸, puxar🫳, correr 🏃e saltar🤾. Ele prepara o corpo para as exigências do cotidiano e do desporto, utilizando equipamentos variados ou apenas o peso corporal. #vieirasgym  #maputo #matola #treinofitness #fitnesstraining","vieirasgym, maputo, matola, treinofitness, fitnesstraining",https://instagram.fbcn15-1.fna.fbcdn.net/v/t51.71878-15/700955469_948554431352571_3932605977624052232_n.jpg?stp=dst-jpg_e15_tt6&_nc_ht=instagram.fbcn15-1.fna.fbcdn.net&_nc_cat=103&_nc_oc=Q6cZ2gELnW0YRzXy2yqwEELNYqwK2dJ8oNGZbQP96XA6DiznxFgmgyqloKyWuAZJ-jR1nik&_nc_ohc=oYYcZ-G8dv0Q7kNvwE5DpHI&_nc_gid=RWHBawbZOLXMdYuGsEcfGw&edm=APU89FABAAAA&ccb=7-5&oh=00_AQAdD75cWR8yW0f1YAITIRgUhAm7v0i4Gj8Ap8xcSzV6DA&oe=6A6D5470&_nc_sid=bc0c2c,-1,3,0,
Eduardo Delfim Vieira,instagram,3886950996463363366,https://www.instagram.com/p/DXxOVZbjKUm/,2026-04-30T20:24:48.000Z,"Competir é mais do que apenas ganhar, é sobre se desafiar e crescer. 11.04.2026 #wakomocambique #kickboxing #combatsport #maputo #matola  @kaz.lukas @mr_chutumia @ayed.vilas @ivanchunguas @kcorreia.vieira @banze.btw @nayltonchilundo @shaylalwmonteiro","wakomocambique, kickboxing, combatsport, maputo, matola",https://instagram.fbcn15-1.fna.fbcdn.net/v/t51.82787-15/681728933_18420421645126051_8904008458822824364_n.jpg?stp=dst-jpg_e15_tt6&_nc_ht=instagram.fbcn15-1.fna.fbcdn.net&_nc_cat=107&_nc_oc=Q6cZ2gELnW0YRzXy2yqwEELNYqwK2dJ8oNGZbQP96XA6DiznxFgmgyqloKyWuAZJ-jR1nik&_nc_ohc=Jw02RmtiqOEQ7kNvwGLAyFS&_nc_gid=RWHBawbZOLXMdYuGsEcfGw&edm=APU89FABAAAA&ccb=7-5&oh=00_AQCRzJJMRfcVa7V4ntuWBSfNTBUNDb4W30YE4CrcOnAWGQ&oe=6A6D577B&_nc_sid=bc0c2c,-1,5,0,
Eduardo Delfim Vieira,instagram,3879375217047124741,https://www.instagram.com/p/DXWTzTCjDsF/,2026-04-20T09:39:50.000Z,"O alongamento 🙆‍♂️antes da musculação 🏋️tem como principal objetivo preparar o corpo para o esforço físico💪, aumentando a flexibilidade e a amplitude de movimento.  Quer treinar com bom acompanhamento?Junta-te a nós”. WhatsApp: +258828436590  #maputo #matola #treinos #motivação #vidasaudavel","maputo, matola, treinos, motivação, vidasaudavel",https://instagram.fbcn15-1.fna.fbcdn.net/v/t51.82787-15/673117808_18418805983126051_5946968778361961305_n.jpg?stp=dst-jpg_e35_p1080x1080_sh2.08_tt6&_nc_ht=instagram.fbcn15-1.fna.fbcdn.net&_nc_cat=107&_nc_oc=Q6cZ2gELnW0YRzXy2yqwEELNYqwK2dJ8oNGZbQP96XA6DiznxFgmgyqloKyWuAZJ-jR1nik&_nc_ohc=8XFaJfsoQIkQ7kNvwFaXckD&_nc_gid=RWHBawbZOLXMdYuGsEcfGw&edm=APU89FABAAAA&ccb=7-5&oh=00_AQC-d_62rdfrY43MeTtRHRTYYxg2yx-5LwAtF3KRSzE45Q&oe=6A6D3962&_nc_sid=bc0c2c,-1,1,0,
Eduardo Delfim Vieira,instagram,3862022463047921114,https://www.instagram.com/p/DWYqPfgjO3a/,2026-03-27T11:11:53.000Z,"A persistência é o caminho do êxito e a motivação transforma decisões em realidade. 👌Não espere sorte, crie-a com acções constantes, pois o esforço de hoje é o orgulho de amanhã.💪 @kaz.lukas @ayed.vilas  @domingas_lm @leidafumo @_alvaro_diogo @nayltonchilundo  #kickboxing  #wakomoçambique #maputo #matola","kickboxing, wakomoçambique, maputo, matola",https://instagram.fbcn15-1.fna.fbcdn.net/v/t51.82787-15/658641696_18415085926126051_985718702764947068_n.jpg?stp=dst-jpg_e35_s1080x1080_sh2.08_tt6&_nc_ht=instagram.fbcn15-1.fna.fbcdn.net&_nc_cat=107&_nc_oc=Q6cZ2gELnW0YRzXy2yqwEELNYqwK2dJ8oNGZbQP96XA6DiznxFgmgyqloKyWuAZJ-jR1nik&_nc_ohc=1T1dZ9uZFWQQ7kNvwFiUwgx&_nc_gid=RWHBawbZOLXMdYuGsEcfGw&edm=APU89FABAAAA&ccb=7-5&oh=00_AQDbVhZi8LrGr1WCag3zoif8kKAp8seNUeX3MSHoHzZ_0A&oe=6A6D520A&_nc_sid=bc0c2c,-1,1,0,
Eduardo Delfim Vieira,instagram,3854937065918301448,https://www.instagram.com/p/DV_fNZNjAUI/,2026-03-17T16:25:56.000Z,Mais um maravilhoso momento para contribuir para formação de novos atletas.(Taekwondo) “🔥 Treinos e Artes Marciais em Maputo/Matola | 📍Vieira’s Gym | 👇 Junta-te a nós”. WhatsApp: +258828436590  #maputo #matola #treinos #motivação #vidasaudavel,"maputo, matola, treinos, motivação, vidasaudavel",https://instagram.fbcn15-1.fna.fbcdn.net/v/t51.71878-15/654580837_3857768394533105_943814576653479578_n.jpg?stp=dst-jpg_e15_tt6&_nc_ht=instagram.fbcn15-1.fna.fbcdn.net&_nc_cat=105&_nc_oc=Q6cZ2gELnW0YRzXy2yqwEELNYqwK2dJ8oNGZbQP96XA6DiznxFgmgyqloKyWuAZJ-jR1nik&_nc_ohc=eedG_K_rZ9IQ7kNvwGWylJ3&_nc_gid=RWHBawbZOLXMdYuGsEcfGw&edm=APU89FABAAAA&ccb=7-5&oh=00_AQB5Ws2CQC1bIwiPHOd5epKRMdX_n6aLasGwIZUVYSYpqQ&oe=6A6D46BE&_nc_sid=bc0c2c,-1,1,0,
Eduardo Delfim Vieira,instagram,3845664483226435718,https://www.instagram.com/p/DVei3joDECG/,2026-03-04T21:15:00.000Z,"Fui convidado pela Associação de Taekwondo da cidade de Maputo para  partilhar um pouco da minha experiência sobre como criar,gerir um ginásio/ academia de forma a que esta seja um sucesso…21/02/2026 .Quero agradecer ao elenco da Adtcm em especial ao presidente @josedaconceicaotembe  pelo convite  e dar os parabéns  a todos que participaram desta formação para instrutores e monitores de Taekwondo.",,https://instagram.fbcn15-1.fna.fbcdn.net/v/t51.82787-15/645919393_18410926960126051_4639938383957226890_n.jpg?stp=dst-jpg_e15_tt6&_nc_ht=instagram.fbcn15-1.fna.fbcdn.net&_nc_cat=107&_nc_oc=Q6cZ2gELnW0YRzXy2yqwEELNYqwK2dJ8oNGZbQP96XA6DiznxFgmgyqloKyWuAZJ-jR1nik&_nc_ohc=9OETl8bC3jwQ7kNvwGU9yuS&_nc_gid=RWHBawbZOLXMdYuGsEcfGw&edm=APU89FABAAAA&ccb=7-5&oh=00_AQC9C6y_77GElUrcvCnRMhoIkvFrL8SlIrw2Q8RotqaU3g&oe=6A6D5093&_nc_sid=bc0c2c,-1,5,0,
Eduardo Delfim Vieira,instagram,3841725988636214191,https://www.instagram.com/p/DVQjW6tDEOv/,2026-02-27T10:50:00.000Z,“🔥 Treinos e Artes Marciais em Maputo/Matola | Desafio de 30 segundos 💪📍Vieira’s Gym | 👇 Junta-te a nós”. WhatsApp: +258828436590  #maputo #matola #treinos #motivação #vidasaudavel,"maputo, matola, treinos, motivação, vidasaudavel",https://instagram.fbcn15-1.fna.fbcdn.net/v/t51.71878-15/643054841_2515638918833805_7579381386880820631_n.jpg?stp=dst-jpg_e15_tt6&_nc_ht=instagram.fbcn15-1.fna.fbcdn.net&_nc_cat=109&_nc_oc=Q6cZ2gELnW0YRzXy2yqwEELNYqwK2dJ8oNGZbQP96XA6DiznxFgmgyqloKyWuAZJ-jR1nik&_nc_ohc=S7nlN-qTGhcQ7kNvwFbHiuL&_nc_gid=RWHBawbZOLXMdYuGsEcfGw&edm=APU89FABAAAA&ccb=7-5&oh=00_AQBQSO_VOwfovReATQ0cfqqIwNt_o0NYYE66vWGiyoXzog&oe=6A6D534C&_nc_sid=bc0c2c,-1,4,0,
Eduardo Delfim Vieira,instagram,3838822519147345629,https://www.instagram.com/p/DVGPL4BjDbd/,2026-02-23T10:42:59.000Z,“🔥 Treinos e Artes Marciais em Maputo/Matola | 📍Vieira’s Gym | 👇 Junta-te a nós”. WhatsApp: +258828436590  #maputo #matola #treinos #motivação #vidasaudavel,"maputo, matola, treinos, motivação, vidasaudavel",https://instagram.fbcn15-1.fna.fbcdn.net/v/t51.71878-15/639851998_1362549278979238_5487703954421609004_n.jpg?stp=dst-jpg_e15_tt6&_nc_ht=instagram.fbcn15-1.fna.fbcdn.net&_nc_cat=110&_nc_oc=Q6cZ2gELnW0YRzXy2yqwEELNYqwK2dJ8oNGZbQP96XA6DiznxFgmgyqloKyWuAZJ-jR1nik&_nc_ohc=nMs3IWkKOr0Q7kNvwFdia5-&_nc_gid=RWHBawbZOLXMdYuGsEcfGw&edm=APU89FABAAAA&ccb=7-5&oh=00_AQCHrNgtUHMiRwGShWZVlubiPoGL6EAxEJDO-c8AP1vFdw&oe=6A6D3A5A&_nc_sid=bc0c2c,-1,19,0,
Eduardo Delfim Vieira,instagram,3813408696706027644,https://www.instagram.com/p/DTr8wFejFB8/,2026-01-19T09:09:23.000Z,"‘’Fomos criados para avançar, crescer e subir de nível. A nossa natureza é de crescimento e isso implica esforço e trabalho duro…no final vale sempre a pena”.🥊🥋 @ayed.vilas @kaz.lukas @larson_sithoy @joaquim_nhanala @banze.btw",,https://instagram.fbcn15-1.fna.fbcdn.net/v/t51.82787-15/619839491_18402385222126051_928952427689340513_n.jpg?stp=dst-jpg_e35_s1080x1080_sh2.08_tt6&_nc_ht=instagram.fbcn15-1.fna.fbcdn.net&_nc_cat=107&_nc_oc=Q6cZ2gELnW0YRzXy2yqwEELNYqwK2dJ8oNGZbQP96XA6DiznxFgmgyqloKyWuAZJ-jR1nik&_nc_ohc=RKjThBOV6wUQ7kNvwGdcw7m&_nc_gid=RWHBawbZOLXMdYuGsEcfGw&edm=APU89FABAAAA&ccb=7-5&oh=00_AQDsi5crsx8jonQ26q9R8OLgXTjgoNil7znuErQr5jJr_A&oe=6A6D5012&_nc_sid=bc0c2c,-1,1,0,
Eduardo Delfim Vieira,instagram,3804066981197136089,https://www.instagram.com/p/DTKwsO8DEDZ/,2026-01-06T11:49:03.000Z,“Cada desafio é uma oportunidade para crescer e se superar. Enfrentemos juntos com determinação”. #taekwondo #maputo #matola #martialarts #vieirasgym  @ayed.vilas @derciodaude @kcorreia.vieira @davidandrade64,"taekwondo, maputo, matola, martialarts, vieirasgym",https://scontent-atl3-3.cdninstagram.com/v/t51.82787-15/611269913_18400914520126051_7353624116514207761_n.jpg?stp=dst-jpg_e35_s1080x1080_sh2.08_tt6&_nc_ht=scontent-atl3-3.cdninstagram.com&_nc_cat=107&_nc_oc=Q6cZ2gHsi-OnKymfwuCnEvjX2_4SFMuU9uZdgwUZXFN8HWVOIz4t7ZFnzHnsPkETakB1A2KRnwyhC2ESXvVxByWk566J&_nc_ohc=EgyQn5Zg8CEQ7kNvwHBqOxb&_nc_gid=dkR1-oih8obs2qq3QokpDw&edm=APU89FABAAAA&ccb=7-5&oh=00_AQDdu_8HqTCO7s6FHr-hHXbaENm9UYbwsxJsiupzPxZJ6g&oe=6A6D4F9C&_nc_sid=bc0c2c,-1,1,0,
Eduardo Delfim Vieira,instagram,3799022245671396066,https://www.instagram.com/p/DS41pq3DOLi/,2025-12-30T12:46:04.000Z,"“A dor do treino é temporária, mas a satisfação da conquista é para sempre”. Muitos parabéns pela nova etapa 🥋🥊🇲🇿… @djv.ofc  @ivanchunguas  #kickboxingmoz #wakomoçambique #vieirasgym #maputo #matola","kickboxingmoz, wakomoçambique, vieirasgym, maputo, matola",https://scontent-atl3-3.cdninstagram.com/v/t51.82787-15/608177711_18400030924126051_717605435805103536_n.jpg?stp=dst-jpg_e35_p1080x1080_sh2.08_tt6&_nc_ht=scontent-atl3-3.cdninstagram.com&_nc_cat=107&_nc_oc=Q6cZ2gHsi-OnKymfwuCnEvjX2_4SFMuU9uZdgwUZXFN8HWVOIz4t7ZFnzHnsPkETakB1A2KRnwyhC2ESXvVxByWk566J&_nc_ohc=Z6C1FEVLXp0Q7kNvwEZSEaO&_nc_gid=dkR1-oih8obs2qq3QokpDw&edm=APU89FABAAAA&ccb=7-5&oh=00_AQBRwYrsm5ijjHSIHJtznnRNSx3WayUxZr_ueM2YcvTEAA&oe=6A6D4718&_nc_sid=bc0c2c,-1,2,0,
Eduardo Delfim Vieira,instagram,3795262982473928700,https://www.instagram.com/p/DSre5MLjE_8/,2025-12-25T08:17:05.000Z,🚨Nb:O ginásio continua aberto para os alunos interessados em usar as salas de treino nos horários normais de funcionamento obrigado💪🥋🏋️🥊🤼‍♂️ #vieirasgym #ginasio  #maputo #matola moçambique🇲🇿,"vieirasgym, ginasio, maputo, matola",https://scontent-atl3-3.cdninstagram.com/v/t51.82787-15/605788477_18399432469126051_1818456259148906563_n.jpg?stp=dst-jpg_e35_p1080x1080_sh2.08_tt6&_nc_ht=scontent-atl3-3.cdninstagram.com&_nc_cat=107&_nc_oc=Q6cZ2gHsi-OnKymfwuCnEvjX2_4SFMuU9uZdgwUZXFN8HWVOIz4t7ZFnzHnsPkETakB1A2KRnwyhC2ESXvVxByWk566J&_nc_ohc=dB64-JsBHAIQ7kNvwGGIaYH&_nc_gid=dkR1-oih8obs2qq3QokpDw&edm=APU89FABAAAA&ccb=7-5&oh=00_AQCwpfuBUkRiJ1ch0T4QEnuR7OZi_vRtZJUYgoyOe8RYEA&oe=6A6D5840&_nc_sid=bc0c2c,-1,1,0,
Eduardo Delfim Vieira,instagram,3789091859638021536,https://www.instagram.com/p/DSVjviLDG2g/,2025-12-16T19:56:17.000Z,"No Taekwondo, as técnicas de quebra (Gyeokpa) usam partes do corpo como mãos (punho, palma), cotovelos, pés e canelas para quebrar tábuas ou telhas, demonstrando foco, força, velocidade e precisão, e envolvem pontapés como o rotativo , lateral ,machado e gancho,além de socos e cotoveladas. São essenciais para exames(graduações) e demonstrações, exigindo concentração mental e técnicas eficazes para superar barreiras físicas e mentais(medo). #taekwondo #gym #maputo  #matola  #mozambique #vieirasgym  @derciodaude  @ayed.vilas","taekwondo, gym, maputo, matola, mozambique, vieirasgym",https://scontent-atl3-2.cdninstagram.com/v/t51.71878-15/601528966_1901590767437645_4032619833899327991_n.jpg?stp=dst-jpg_e15_tt6&_nc_ht=scontent-atl3-2.cdninstagram.com&_nc_cat=105&_nc_oc=Q6cZ2gHsi-OnKymfwuCnEvjX2_4SFMuU9uZdgwUZXFN8HWVOIz4t7ZFnzHnsPkETakB1A2KRnwyhC2ESXvVxByWk566J&_nc_ohc=20sYrrU6HZYQ7kNvwEBJ7oW&_nc_gid=dkR1-oih8obs2qq3QokpDw&edm=APU89FABAAAA&ccb=7-5&oh=00_AQDrxjGgVQDA82Zt066y68JwgZE7I22ZVzZQSOm5AhCykQ&oe=6A6D3B3E&_nc_sid=bc0c2c,-1,4,0,
Eduardo Delfim Vieira,instagram,3785968988086634019,https://www.instagram.com/p/DSKdrxZjIYj/,2025-12-12T12:31:35.000Z,#wakomoçambique #maputo 🇲🇿 #matola  #kickboxingmoz #gym,"wakomoçambique, maputo, matola, kickboxingmoz, gym",https://scontent-atl3-3.cdninstagram.com/v/t51.82787-15/599906801_18397933633126051_4608931817862446032_n.jpg?stp=dst-jpg_e35_s1080x1080_sh2.08_tt6&_nc_ht=scontent-atl3-3.cdninstagram.com&_nc_cat=107&_nc_oc=Q6cZ2gHsi-OnKymfwuCnEvjX2_4SFMuU9uZdgwUZXFN8HWVOIz4t7ZFnzHnsPkETakB1A2KRnwyhC2ESXvVxByWk566J&_nc_ohc=YOUOEthDiQ8Q7kNvwGKC25l&_nc_gid=dkR1-oih8obs2qq3QokpDw&edm=APU89FABAAAA&ccb=7-5&oh=00_AQDXvALWTG66EbgNhCYbN9iiycc2IT0BpxX8zuoFQsZgdA&oe=6A6D5311&_nc_sid=bc0c2c,-1,0,0,
Eduardo Delfim Vieira,instagram,3778584844381738768,https://www.instagram.com/p/DRwOuVrDFcQ/,2025-12-02T08:00:36.000Z,@kaz.lukas @ayed.vilas @mr_chutumia @vieiras_gym @djv.ofc,,https://scontent-atl3-3.cdninstagram.com/v/t51.82787-15/589107718_18396707023126051_1573673716240471718_n.jpg?stp=dst-jpg_e35_s1080x1080_sh2.08_tt6&_nc_ht=scontent-atl3-3.cdninstagram.com&_nc_cat=107&_nc_oc=Q6cZ2gHsi-OnKymfwuCnEvjX2_4SFMuU9uZdgwUZXFN8HWVOIz4t7ZFnzHnsPkETakB1A2KRnwyhC2ESXvVxByWk566J&_nc_ohc=amTn-UgK2E4Q7kNvwEZ-DBE&_nc_gid=dkR1-oih8obs2qq3QokpDw&edm=APU89FABAAAA&ccb=7-5&oh=00_AQAfV18suQTeH6vlEcL2SbFuIsOrtEPYivHw7wzrVFimKQ&oe=6A6D3D9B&_nc_sid=bc0c2c,-1,2,0,
Eduardo Delfim Vieira,instagram,3771579356863557775,https://www.instagram.com/p/DRXV3FADHCP/,2025-11-22T16:20:16.000Z,"Se queres mudar o teu corpo mantenha-te em Movimento/treine,🏋️controla a tua alimentação🍗🍏 e regule o teu sono😴 (7h/8h). Lute para ter foco,dedicação e motivação e fique longe das desculpas inventadas pela tua mente… #gym #vieirasgym #calistenia #emagreciementosaudável #ginásio #mocambique  WhatsApp 828436590","gym, vieirasgym, calistenia, emagreciementosaudável, ginásio, mocambique",https://scontent-atl3-1.cdninstagram.com/v/t51.71878-15/584059376_805708882287672_3713450155728734918_n.jpg?stp=dst-jpg_e15_tt6&_nc_ht=scontent-atl3-1.cdninstagram.com&_nc_cat=100&_nc_oc=Q6cZ2gHsi-OnKymfwuCnEvjX2_4SFMuU9uZdgwUZXFN8HWVOIz4t7ZFnzHnsPkETakB1A2KRnwyhC2ESXvVxByWk566J&_nc_ohc=DixDxAcD4voQ7kNvwE6kbhU&_nc_gid=dkR1-oih8obs2qq3QokpDw&edm=APU89FABAAAA&ccb=7-5&oh=00_AQCpZNo_8906OeDEMh5DkJ18p2tDdp3MphLxRVF7OCxlvw&oe=6A6D3052&_nc_sid=bc0c2c,-1,3,0,
Eduardo Delfim Vieira,instagram,3764230283571532433,https://www.instagram.com/p/DQ9O3_JDJKR/,2025-11-12T12:40:39.000Z,Nenhum objetivo é inalcançável quando trabalhamos em equipe e nos apoiamos mutuamente. @ayed.vilas @natalinotkd9 @derciodaude @joaojessen,,https://scontent-atl3-3.cdninstagram.com/v/t51.82787-15/581970454_18393456136126051_3295925087447254493_n.jpg?stp=dst-jpg_e35_p1080x1080_sh2.08_tt6&_nc_ht=scontent-atl3-3.cdninstagram.com&_nc_cat=107&_nc_oc=Q6cZ2gHsi-OnKymfwuCnEvjX2_4SFMuU9uZdgwUZXFN8HWVOIz4t7ZFnzHnsPkETakB1A2KRnwyhC2ESXvVxByWk566J&_nc_ohc=oMU39X0DfyEQ7kNvwERJuw2&_nc_gid=dkR1-oih8obs2qq3QokpDw&edm=APU89FABAAAA&ccb=7-5&oh=00_AQDuC7eatD9sAeg5jgfLIW42cc4jB3XGw9LIbBpYH8KIoQ&oe=6A6D3CF7&_nc_sid=bc0c2c,-1,3,0,
Vieira's Gym,facebook,1610565591071905,https://www.facebook.com/100063554378306/posts/1610565591071905,2026-04-30T20:25:06.000Z,"Competir é mais do que apenas ganhar, é sobre se desafiar e crescer. 11.04.2026 #wakomocambique #kickboxing #combatsport #maputo #matola @kaz.lukas @mr_chutumia @ayed.vilas @ivanchunguas @kcorreia.vieira @banze.btw @nayltonchilundo @shaylalwmonteiro","wakomocambique, kickboxing, combatsport, maputo, matola","https://scontent-lax3-2.xx.fbcdn.net/v/t51.82787-15/681728933_18420421645126051_8904008458822824364_n.jpg?stp=dst-jpg_tt6&cstp=mx837x438&ctp=s590x590&_nc_cat=107&ccb=1-7&_nc_sid=127cfc&_nc_ohc=lr9Y6k8qL_IQ7kNvwEhJVht&_nc_oc=Adr0dRCpjq3sV1nJBJ78lwply5By8LsaT76agJFDKduvVA9SBxUitwwhfP29Dqmr4Uv9eMtLF0ke3eS9IqtbBgGs&_nc_zt=23&_nc_ht=scontent-lax3-2.xx&_nc_gid=bj5KBVuXgEaZJeZXTOnEgg&_nc_ss=7d289&oh=00_AQDP72QNj6XxxVhqxQCm_xX-mxRbk1pmMTBS8yiHhSCvEQ&oe=6A6D577B, https://scontent-lax3-2.xx.fbcdn.net/v/t51.82787-15/681550343_18420421663126051_5008527465380814954_n.jpg?stp=dst-jpegr_tt6&cstp=mx1440x1080&ctp=s590x590&_nc_cat=106&ccb=1-7&_nc_sid=127cfc&_nc_ohc=TtskTMNwbNwQ7kNvwFOBNi2&_nc_oc=AdoKo4kmix_Ku3ahvmf5w8kiXtCXL4Sk0bbhLjQj6U6IAop8bWMkG5_ijYlKDQEgKJi-ytFecefyWh4fWoRL3g8C&_nc_zt=23&se=-1&_nc_ht=scontent-lax3-2.xx&_nc_gid=bj5KBVuXgEaZJeZXTOnEgg&_nc_ss=7d289&oh=00_AQCpkPl7mA7_dlypUHqtQ8L4LtrovCOs3lgv1LpXJQjK6g&oe=6A6D5FAF, https://scontent-lax3-2.xx.fbcdn.net/v/t51.82787-15/683391453_18420421654126051_7080433992357847253_n.jpg?stp=dst-jpg_tt6&cstp=mx960x720&ctp=s590x590&_nc_cat=103&ccb=1-7&_nc_sid=127cfc&_nc_ohc=K7J0ZKfEez4Q7kNvwE5VogN&_nc_oc=Adr_bKkhlGWfaw6PxQMF4EFjJ4TnEzU-kX7fcB5hkPOP1GaD3N49-kEjKyFJqaNDWhDYnZdx20siG5rVrihurE0o&_nc_zt=23&_nc_ht=scontent-lax3-2.xx&_nc_gid=bj5KBVuXgEaZJeZXTOnEgg&_nc_ss=7d289&oh=00_AQB2w2fskVaPSjST_qHJn9Lqi9TAcmlpN-pcNdC3QApHTA&oe=6A6D5C12",,,,
Vieira's Gym,facebook,1599842792144185,https://www.facebook.com/100063554378306/posts/1599842792144185,2026-04-20T09:40:00.000Z,"O alongamento 🙆‍♂️antes da musculação 🏋️tem como principal objetivo preparar o corpo para o esforço físico💪, aumentando a flexibilidade e a amplitude de movimento. Quer treinar com bom acompanhamento?Junta-te a nós”. WhatsApp: +258828436590 #maputo #matola #treinos #motivação #vidasaudavel","maputo, matola, treinos, motivação, vidasaudavel",https://scontent-lax3-1.xx.fbcdn.net/v/t51.82787-15/673117808_18418805983126051_5946968778361961305_n.jpg?stp=dst-jpegr_tt6&cstp=mx1440x1920&ctp=p526x296&_nc_cat=102&ccb=1-7&_nc_sid=127cfc&_nc_ohc=S3KIyPD1C2oQ7kNvwHVnMWY&_nc_oc=AdobzepjI8W9ZoOxU1WrokvbkBHiHMGTIttR_W19m1net1lzravyWu-INsfVXsaaKvCvkJuKCihh1cKThzv7racd&_nc_zt=23&se=-1&_nc_ht=scontent-lax3-1.xx&_nc_gid=bj5KBVuXgEaZJeZXTOnEgg&_nc_ss=7d289&oh=00_AQBU8xEv5z7Uk29JTNSsou_3slhZhct7UvlN3pz65GU8xA&oe=6A6D3962,,,,
Vieira's Gym,facebook,1578717564256708,https://www.facebook.com/100063554378306/posts/1578717564256708,2026-03-27T11:12:00.000Z,"A persistência é o caminho do êxito e a motivação transforma decisões em realidade. 👌Não espere sorte, crie-a com acções constantes, pois o esforço de hoje é o orgulho de amanhã.💪 @kaz.lukas @ayed.vilas @domingas_lm @leidafumo @_alvaro_diogo @nayltonchilundo #kickboxing #wakomoçambique #maputo #matola","kickboxing, wakomoçambique, maputo, matola",https://scontent-lax7-1.xx.fbcdn.net/v/t51.82787-15/658641696_18415085926126051_985718702764947068_n.jpg?stp=dst-jpg_tt6&cstp=mx1440x915&ctp=p843x403&_nc_cat=105&ccb=1-7&_nc_sid=127cfc&_nc_ohc=SapVsT1EoIIQ7kNvwGaiJk5&_nc_oc=Adq37UTLmjut4VQmmMqMfdf-Qa6hNQLVN9DEy8DYYDMhAgcHFk38E-ZFgQljfCdMQ12-RSuWsyCszs-DpDfJAXTx&_nc_zt=23&_nc_ht=scontent-lax7-1.xx&_nc_gid=bj5KBVuXgEaZJeZXTOnEgg&_nc_ss=7d289&oh=00_AQDtnB1ge0iJM3hxxmexExjObCrM1I7fdWUS5fD-K6DqwA&oe=6A6D520A,,,,
Vieira's Gym,facebook,1558192906309174,https://www.facebook.com/100063554378306/posts/1558192906309174,2026-03-04T21:15:06.000Z,"Fui convidado pela Associação de Taekwondo da cidade de Maputo para partilhar um pouco da minha experiência sobre como criar,gerir um ginásio/ academia de forma a que esta seja um sucesso…21/02/2026 .Quero agradecer ao elenco da Adtcm em especial ao presidente @josedaconceicaotembe pelo convite e dar os parabéns a todos que participaram desta formação para instrutores e monitores de Taekwondo.",,"https://scontent-mia3-1.xx.fbcdn.net/v/t51.82787-15/645919393_18410926960126051_4639938383957226890_n.jpg?stp=dst-jpg_tt6&cstp=mx900x1200&ctp=s590x590&_nc_cat=106&ccb=1-7&_nc_sid=127cfc&_nc_ohc=fL4F6kYa4kUQ7kNvwHFCloU&_nc_oc=AdoFn1Ck0ABuyTeh5IjdUb2fhYqAK7b3n2F3G-3ojqNABDRrZRz9tzc4ZmZRB2Z8OWg&_nc_zt=23&_nc_ht=scontent-mia3-1.xx&_nc_gid=yhTSdy2nD-dCtkUeEX9U6A&_nc_ss=72289&oh=00_AQCqk1WAxDhk9ogoTQNBa2wjycylyLzFpiHMmPaKhFm_Rw&oe=6A6D5093, https://scontent-mia5-1.xx.fbcdn.net/v/t51.82787-15/645820903_18410926969126051_4741654546695815615_n.jpg?stp=dst-jpg_tt6&cstp=mx900x1200&ctp=s590x590&_nc_cat=102&ccb=1-7&_nc_sid=127cfc&_nc_ohc=dhQjtt6MERsQ7kNvwHX9ucz&_nc_oc=AdruORqu3E-vI7hpJqh3dlozwQ6jpL9xmyysqDzO8NuzRhvxmIgUrx2lWP_KpWVeHkw&_nc_zt=23&_nc_ht=scontent-mia5-1.xx&_nc_gid=yhTSdy2nD-dCtkUeEX9U6A&_nc_ss=72289&oh=00_AQCDEmUkwHXtVDyVxn2dCR7oSgNAXyvMCRbsGHng4wJfXQ&oe=6A6D5F27, https://scontent-mia3-3.xx.fbcdn.net/v/t51.82787-15/645841466_18410926999126051_1724056440867713859_n.jpg?stp=dst-jpg_tt6&cstp=mx1440x1920&ctp=s590x590&_nc_cat=110&ccb=1-7&_nc_sid=127cfc&_nc_ohc=jaddLLc_iwUQ7kNvwHvlPKC&_nc_oc=AdrNM4aRe3SnS1o_pLdeQuT2jnw0Jnj-h3IeD-742RjsfdBxu724NQ4wBZIhvfRPO4Q&_nc_zt=23&_nc_ht=scontent-mia3-3.xx&_nc_gid=yhTSdy2nD-dCtkUeEX9U6A&_nc_ss=72289&oh=00_AQDRpeFpHJDl-8S5yfVEhkrn19Fhhn6ArKEVfuL7uwpW9g&oe=6A6D36B1, https://scontent-mia3-3.xx.fbcdn.net/v/t51.82787-15/645818994_18410926990126051_4895275930548750721_n.jpg?stp=dst-jpg_tt6&cstp=mx1440x1920&ctp=s590x590&_nc_cat=110&ccb=1-7&_nc_sid=127cfc&_nc_ohc=T7lLm93tHDIQ7kNvwGmcxGd&_nc_oc=AdqBFoTkEh5O7xxe9Ji5rjMNzqh9RMgT8-Y8tJzWmqwroIViWsyBC71NeFWLwwSOicM&_nc_zt=23&_nc_ht=scontent-mia3-3.xx&_nc_gid=yhTSdy2nD-dCtkUeEX9U6A&_nc_ss=72289&oh=00_AQCUE3riwZg-kDd7CNS25r07MvR-8xgtnjLZS3ADAJKH2Q&oe=6A6D4380, https://scontent-mia3-1.xx.fbcdn.net/v/t51.82787-15/645936300_18410926978126051_912288643384656853_n.jpg?stp=dst-jpg_tt6&cstp=mx900x1200&ctp=s590x590&_nc_cat=106&ccb=1-7&_nc_sid=127cfc&_nc_ohc=g16xcSxnuvUQ7kNvwGjNAF8&_nc_oc=AdqedyL9l2puGL1hxr84EaTPHLeWW5mMgGZYViuoJu45jICkKOAqOeBuqBD1MPlVe_M&_nc_zt=23&_nc_ht=scontent-mia3-1.xx&_nc_gid=yhTSdy2nD-dCtkUeEX9U6A&_nc_ss=72289&oh=00_AQDMWso09DD5a1n8c4bQiZhoT6dFM5jbtS1Eo6CWj-5iVQ&oe=6A6D5922",,,,
Vieira's Gym,facebook,1516249020503563,https://www.facebook.com/100063554378306/posts/1516249020503563,2026-01-19T09:09:27.000Z,"‘’Fomos criados para avançar, crescer e subir de nível. A nossa natureza é de crescimento e isso implica esforço e trabalho duro…no final vale sempre a pena”.🥊🥋 @ayed.vilas @kaz.lukas @larson_sithoy @joaquim_nhanala @banze.btw",,https://scontent-mia3-1.xx.fbcdn.net/v/t51.82787-15/619839491_18402385222126051_928952427689340513_n.jpg?stp=dst-jpg_tt6&cstp=mx1440x1080&ctp=s720x720&_nc_cat=106&ccb=1-7&_nc_sid=127cfc&_nc_ohc=sadTdI8_MgkQ7kNvwHsfmEV&_nc_oc=AdpDZxR5ddDn6zz5i99he_kwvj2QEJ37ZBal_icL5Vqoe1jMGt5oc5lkgPOm6ByEEks&_nc_zt=23&_nc_ht=scontent-mia3-1.xx&_nc_gid=yhTSdy2nD-dCtkUeEX9U6A&_nc_ss=72289&oh=00_AQBMuCaG1CMrRu93gGXZdeybU_X34c904bnoFkX18XGJAQ&oe=6A6D5012,,,,
Vieira's Gym,facebook,1505341391594326,https://www.facebook.com/100063554378306/posts/1505341391594326,2026-01-06T11:49:07.000Z,“Cada desafio é uma oportunidade para crescer e se superar. Enfrentemos juntos com determinação”. #taekwondo #maputo #matola #martialarts #vieirasgym @ayed.vilas @derciodaude @kcorreia.vieira @davidandrade64,"taekwondo, maputo, matola, martialarts, vieirasgym",https://scontent-mia5-1.xx.fbcdn.net/v/t51.82787-15/611269913_18400914520126051_7353624116514207761_n.jpg?stp=dst-jpg_tt6&cstp=mx1440x754&ctp=s960x960&_nc_cat=101&ccb=1-7&_nc_sid=127cfc&_nc_ohc=g2Md0IjH4nEQ7kNvwHTbW2y&_nc_oc=Adok4i2NtvU8w-L4SDvtHt_FPrCtoNbv7JYsEDuadgWfhH5tX9skYfW9-i9M_7oNzjc&_nc_zt=23&_nc_ht=scontent-mia5-1.xx&_nc_gid=yhTSdy2nD-dCtkUeEX9U6A&_nc_ss=72289&oh=00_AQATLol8uodOU4LTsxdlxnHsxw72gc7zxmtDizB-ySPdaQ&oe=6A6D4F9C,,,,
Vieira's Gym,facebook,1499794242149041,https://www.facebook.com/100063554378306/posts/1499794242149041,2025-12-30T12:46:09.000Z,"“A dor do treino é temporária, mas a satisfação da conquista é para sempre”. Muitos parabéns pela nova etapa 🥋🥊🇲🇿… @djv.ofc @ivanchunguas #kickboxingmoz #wakomoçambique #vieirasgym #maputo #matola","kickboxingmoz, wakomoçambique, vieirasgym, maputo, matola",https://scontent-ord5-3.xx.fbcdn.net/v/t51.82787-15/608177711_18400030924126051_717605435805103536_n.jpg?stp=dst-jpg_tt6&cstp=mx1440x1636&ctp=s590x590&_nc_cat=107&ccb=1-7&_nc_sid=127cfc&_nc_ohc=YwxSv-ydUn0Q7kNvwEnki5G&_nc_oc=Adr36xSp7TA06tipRFI-D2MgYT609ZkvBNPCRUJr8sm0nyRM-AhKO9swhLQtkmCLmko&_nc_zt=23&_nc_ht=scontent-ord5-3.xx&_nc_gid=vxCeCKTIOX0S23Zh-QZB6Q&_nc_ss=72289&oh=00_AQAE4YYuAHHtcPBJL_X-mnltjMu5EWQx8qz6ReJpHaa9pg&oe=6A6D4718,,,,
Vieira's Gym,facebook,1495725489222583,https://www.facebook.com/100063554378306/posts/1495725489222583,2025-12-25T08:17:10.000Z,🚨Nb:O ginásio continua aberto para os alunos interessados em usar as salas de treino nos horários normais de funcionamento obrigado💪🥋🏋️🥊🤼‍♂️ #vieirasgym #ginasio #maputo #matola moçambique🇲🇿,"vieirasgym, ginasio, maputo, matola",https://scontent-ord5-2.xx.fbcdn.net/v/t51.82787-15/605788477_18399432469126051_1818456259148906563_n.jpg?stp=dst-jpg_tt6&cstp=mx1365x1820&ctp=p526x296&_nc_cat=110&ccb=1-7&_nc_sid=127cfc&_nc_ohc=xSaYA7QXfKgQ7kNvwGf6TyY&_nc_oc=AdqXpQzGk7viP8QPQbRehPzIuVg93jx8lPBTmE88EYrW4ByLqsRvMto4meDIF9loDz0&_nc_zt=23&_nc_ht=scontent-ord5-2.xx&_nc_gid=vxCeCKTIOX0S23Zh-QZB6Q&_nc_ss=72289&oh=00_AQAXPjDVUZCtfibQZMIVNGnbQMKhyn4T_rZpJIIo3uEHog&oe=6A6D5840,,,,
Vieira's Gym,facebook,1484696613658804,https://www.facebook.com/100063554378306/posts/1484696613658804,2025-12-12T12:31:41.000Z,#wakomoçambique #kickboxingmozambique🇲🇿,"wakomoçambique, kickboxingmozambique",https://scontent-ord5-2.xx.fbcdn.net/v/t51.82787-15/599906801_18397933633126051_4608931817862446032_n.jpg?stp=dst-jpg_tt6&cstp=mx1440x943&ctp=p180x540&_nc_cat=105&ccb=1-7&_nc_sid=127cfc&_nc_ohc=udHX6G9zz8gQ7kNvwEoH_Ij&_nc_oc=AdoDhxE181imx1YDtFRhDToAe9g8vLpKN0DVNvj0ppMM1h0Rwp7EuBFAbk5a7azzUHE&_nc_zt=23&_nc_ht=scontent-ord5-2.xx&_nc_gid=vxCeCKTIOX0S23Zh-QZB6Q&_nc_ss=72289&oh=00_AQC4UmIuJ6f7F6rlxHMJYY9fGrqW75JLyx1y1sy2aUYsqg&oe=6A6D5311,,,,
Vieira's Gym,facebook,1475542891240843,https://www.facebook.com/100063554378306/posts/1475542891240843,2025-12-02T08:00:40.000Z,@kaz.lukas @ayed.vilas @mr_chutumia @vieiras_gym @djv.ofc,,https://scontent-dfw5-1.xx.fbcdn.net/v/t51.82787-15/589107718_18396707023126051_1573673716240471718_n.jpg?stp=dst-jpg_tt6&cstp=mx1440x1080&ctp=s720x720&_nc_cat=105&ccb=1-7&_nc_sid=127cfc&_nc_ohc=iBx3p83dQKQQ7kNvwGmHTgt&_nc_oc=AdoBX-j5t7uDn86lFOq2EzLlMAqIMxcaS6l9OxGKsQKbK2ejr4ZFp1G4xYVszI49Kdo&_nc_zt=23&_nc_ht=scontent-dfw5-1.xx&_nc_gid=qCxeOM_8QfVClbaNuagAzQ&_nc_ss=72289&oh=00_AQAaqgY_W9tealxwHwHDR3-vbd9CtTcsMjl2ziDa5hGUdg&oe=6A6D3D9B,,,,[object Object]
Vieira's Gym,facebook,1456674449794354,https://www.facebook.com/100063554378306/posts/1456674449794354,2025-11-12T12:40:44.000Z,Nenhum objetivo é inalcançável quando trabalhamos em equipe e nos apoiamos mutuamente. @ayed.vilas @natalinotkd9 @derciodaude @joaojessen,,https://scontent-dfw6-2.xx.fbcdn.net/v/t51.82787-15/581970454_18393456136126051_3295925087447254493_n.jpg?stp=dst-jpg_tt6&cstp=mx1279x1366&ctp=p180x540&_nc_cat=109&ccb=1-7&_nc_sid=127cfc&_nc_ohc=XC5NsXb_FgcQ7kNvwFG4eVQ&_nc_oc=AdrUigVtU3VuR9N9O0jHXGtUtDer8z0FtVRjbfh2th3j-dSH_TZamL-I-voXhIwU_KM&_nc_zt=23&_nc_ht=scontent-dfw6-2.xx&_nc_gid=qCxeOM_8QfVClbaNuagAzQ&_nc_ss=72289&oh=00_AQCWyzGvfJhSXr44u7-bXUOS5qBiE1izPqDwluQj9GRGDQ&oe=6A6D3CF7,,,,[object Object]
Vieira's Gym,facebook,1433972595397873,https://www.facebook.com/100063554378306/posts/1433972595397873,2025-10-21T10:24:57.000Z,,,https://scontent-dfw6-1.xx.fbcdn.net/v/t51.82787-15/567264813_18389621803126051_8961864261518889606_n.jpg?stp=dst-jpg_tt6&cstp=mx1094x911&ctp=s600x600&_nc_cat=102&ccb=1-7&_nc_sid=127cfc&_nc_ohc=OduLGjFljXIQ7kNvwF-xYZD&_nc_oc=AdqKrDpuIKO2cDLtBNYYpsJAYpgQcmReVMOD1-AjkVqmFV6t5JVrbXKEAoejdjZyOuw&_nc_zt=23&_nc_ht=scontent-dfw6-1.xx&_nc_gid=qCxeOM_8QfVClbaNuagAzQ&_nc_ss=72289&oh=00_AQC1JnPIaTheXTSatnSR7HfNedA_sXjeMzqHfUMTq23Xkg&oe=6A6D4A8D,,,,
Vieira's Gym,facebook,1415420637253069,https://www.facebook.com/100063554378306/posts/1415420637253069,2025-10-04T10:02:57.000Z,Organização e arbitragem do campeonato de taekwondo 20.09.2025 @ayed.vilas @derciodaude @natalinotkd9 @kcorreia.vieira @joaojessen #gym #maputo #vieirasgym,"gym, maputo, vieirasgym",https://scontent-atl3-3.xx.fbcdn.net/v/t51.82787-15/559201838_18386495218126051_5507386497564803455_n.jpg?stp=dst-jpg_tt6&cstp=mx1440x1440&ctp=p526x296&_nc_cat=110&ccb=1-7&_nc_sid=127cfc&_nc_ohc=wdKdRUHOnGoQ7kNvwGZYqBU&_nc_oc=AdrUchkjpDo7iYNPQ40DgpF6cdr0jfjcZYCQse5Gp8lKpFNo_3RHyy24RibAllQO5xfqMphNTXVRtRAZZ2t9MIQO&_nc_zt=23&_nc_ht=scontent-atl3-3.xx&_nc_gid=5ZmRf0BgTE_DskKI_dj7aA&_nc_ss=72289&oh=00_AQBLU9vwkQb1VJPAwJK2ZkbzCJTNldPzoa-plDoaNYvX2g&oe=6A6D516F,,,,
Vieira's Gym,facebook,1413418920786574,https://www.facebook.com/100063554378306/posts/1413418920786574,2025-10-02T09:29:03.000Z,Campeonato de Taekwondo Técnica e Combate 20.09.2025 #taekwondo #maputo #vieirasgym #mocambique🇲🇿 @ayed.vilas @natalinotkd9 @derciodaude @kcorreia.vieira @joaojessen,"taekwondo, maputo, vieirasgym, mocambique","https://scontent-atl3-2.xx.fbcdn.net/v/t51.82787-15/557428677_18386178013126051_6696946722801537047_n.jpg?stp=dst-jpegr_tt6&cstp=mx1440x1440&ctp=s590x590&_nc_cat=101&ccb=1-7&_nc_sid=127cfc&_nc_ohc=4yrXHMPeBLUQ7kNvwEh5MIo&_nc_oc=Adof_iOCScl36D_pB3JUuOcsn5kweOnEBda1aE8oD3KH--wqDJt9qSfLycyH-m9HvsrY7Xz5XmeXrTrTCuO5ProK&_nc_zt=23&se=-1&_nc_ht=scontent-atl3-2.xx&_nc_gid=5ZmRf0BgTE_DskKI_dj7aA&_nc_ss=72289&oh=00_AQBxHxKdL2YaTTaQGzG289uHDmuI35GTqz07Ox5rfK3XdA&oe=6A6D3BBC, https://scontent-atl3-2.xx.fbcdn.net/v/t51.82787-15/558011932_18386178028126051_7252434226060350150_n.jpg?stp=dst-jpegr_tt6&cstp=mx1440x1440&ctp=s590x590&_nc_cat=102&ccb=1-7&_nc_sid=127cfc&_nc_ohc=aRIeg-yDxvoQ7kNvwG-d_6m&_nc_oc=AdqOU2Lgj1eQqRQ8viwedSwUbQCxroyYUC2wg3j8sICFJoLdd7TaP7kxKhSk9ggryUMH-LmY8MO_uO3qIRWOc4DO&_nc_zt=23&se=-1&_nc_ht=scontent-atl3-2.xx&_nc_gid=5ZmRf0BgTE_DskKI_dj7aA&_nc_ss=72289&oh=00_AQDgJxeXb0WruYOYzFkedeLRptrCEp1XJ25-AQt83BO1Mg&oe=6A6D4AAF, https://scontent-atl3-2.xx.fbcdn.net/v/t51.82787-15/557360437_18386178040126051_2099777730286187565_n.jpg?stp=dst-jpegr_tt6&cstp=mx1440x1440&ctp=s590x590&_nc_cat=101&ccb=1-7&_nc_sid=127cfc&_nc_ohc=PjAhHzW-eHkQ7kNvwGpAQKo&_nc_oc=Adr4NbHf0wQyHLnnTkpbvKjXtHROzMDe6sJIBUhySBQqz9IhsNAi6YsCknH2C2Q4pJxDzNi-F7LuGL-klD5UjuY9&_nc_zt=23&se=-1&_nc_ht=scontent-atl3-2.xx&_nc_gid=5ZmRf0BgTE_DskKI_dj7aA&_nc_ss=72289&oh=00_AQApiWPNHfg33kSo9HKnlv9RvlUkswf-7OvM3YR82AhPmw&oe=6A6D364E, https://scontent-atl3-3.xx.fbcdn.net/v/t51.82787-15/559666227_18386178049126051_1346711057035483224_n.jpg?stp=dst-jpegr_tt6&cstp=mx1440x1440&ctp=s590x590&_nc_cat=111&ccb=1-7&_nc_sid=127cfc&_nc_ohc=rpktDtEIjcEQ7kNvwHBvYPk&_nc_oc=AdoutwsnIBz5ckzbm0Z-npMDIujXda0ceR6lCakpq_0cmc7Yr5Des5I3J6kuOYLw1_d6hEpVCzbanFr6WExilaDl&_nc_zt=23&se=-1&_nc_ht=scontent-atl3-3.xx&_nc_gid=5ZmRf0BgTE_DskKI_dj7aA&_nc_ss=72289&oh=00_AQDS7Wf-KhfO5i_ak3RCSVYZsywbgW_EJJICq0QijKl8Og&oe=6A6D4EFC, https://scontent-atl3-1.xx.fbcdn.net/v/t51.82787-15/558452602_18386178064126051_2747747443831867163_n.jpg?stp=dst-jpegr_tt6&cstp=mx1440x1440&ctp=s590x590&_nc_cat=106&ccb=1-7&_nc_sid=127cfc&_nc_ohc=3N9mWpkRm9YQ7kNvwHVvkdr&_nc_oc=Adq4qsE1BRuoXjBg5MdiVYODxwQPUgyahhWaN2l4nrSnmIRKSG8Zs-lw2AX1MYD9RWx5BQgUmW847f18HUV5rtc0&_nc_zt=23&se=-1&_nc_ht=scontent-atl3-1.xx&_nc_gid=5ZmRf0BgTE_DskKI_dj7aA&_nc_ss=72289&oh=00_AQBWKx37hiEzTnnsbVT7deNdJC7DHNSrQo-6MOynTwbHow&oe=6A6D4997",,,,
Vieira's Gym,facebook,1403436011784865,https://www.facebook.com/100063554378306/posts/1403436011784865,2025-09-22T10:04:03.000Z,O nosso muito obrigado a Equipe de arbitragem/ Organização do campeonato De kickboxing L.C. #wakomoçambique #kickboxing #vieirasgym #maputo @kaz.lukas @ayed.vilas @ivanchunguas @kcorreia.vieira,"wakomoçambique, kickboxing, vieirasgym, maputo",https://scontent-atl3-2.xx.fbcdn.net/v/t51.82787-15/551981828_18384676420126051_3295109863735284680_n.jpg?stp=dst-jpg_tt6&cstp=mx1440x1115&ctp=p180x540&_nc_cat=104&ccb=1-7&_nc_sid=127cfc&_nc_ohc=3ADUJbDqLUMQ7kNvwEnTP3-&_nc_oc=AdonySU7jBN4stP1C5VGNgvGsbiyODQgYAJJjrbMHXZqaKrJMcqR23tD4JoWYTCZyF68q3V2xGt7wbxnJttQHxlH&_nc_zt=23&_nc_ht=scontent-atl3-2.xx&_nc_gid=5ZmRf0BgTE_DskKI_dj7aA&_nc_ss=72289&oh=00_AQCAZjTjmDpvMgi2unMp7caUgc3z_reitUdoTw7u0rjtGw&oe=6A6D562C,,,,
Vieira's Gym,facebook,1397581622370304,https://www.facebook.com/100063554378306/posts/1397581622370304,2025-09-16T08:41:32.000Z,"Parabéns a *todos os intervenientes* neste campeonato de kickboxing!🥊🇲🇿
Organizadores, atletas, treinadores, e público — todos deram o seu melhor e mostraram que, quando trabalhamos juntos, *ninguém perde, todos ganham.* 🙌
Foi bonito de ver o espírito desportivo, a entrega, a evolução dos atletas e, acima de tudo, o respeito dentro e fora do tatame. Cada combate foi uma aula de superação!
Quero deixar um destaque especial para a *nova escola do Tsalala(Matola)*, que mostrou que está a crescer com força, foco e talento. 👏 O futuro promete — e muito!
A caminhada continua. A frente é o caminho.
*Vamos juntos, passo a passo, levantar ainda mais o nome do kickboxing!*
*Força a todos e até o próximo Campeonato!* 💪🔥🥊🇲🇿 @kaz.lukas",,"https://scontent-lga3-3.xx.fbcdn.net/v/t51.82787-15/549127494_18383848669126051_8382251072684987345_n.jpg?stp=dst-jpg_tt6&cstp=mx845x446&ctp=s590x590&_nc_cat=108&ccb=1-7&_nc_sid=127cfc&_nc_ohc=gm5P8tp7S7kQ7kNvwHpK95_&_nc_oc=AdpPYBAnFw56av7KRMOEpdCsyEv7OLNC1x0vrT_7Tw6WZ6kPqVAWsLRiwVxSEZoJskTDFP867H-xNsu4zN5KMoZ9&_nc_zt=23&_nc_ht=scontent-lga3-3.xx&_nc_gid=nZZgbuN4vkfLdayfZilcQw&_nc_ss=72289&oh=00_AQDMsWwcUCwI6G-nHvRq7akfvdsV1bntEsxcoYOjVHdW4w&oe=6A6D3C0E, https://scontent-lga3-1.xx.fbcdn.net/v/t51.82787-15/549288636_18383848684126051_9117256454105390060_n.jpg?stp=dst-jpegr_tt6&cstp=mx1440x1920&ctp=s590x590&_nc_cat=110&ccb=1-7&_nc_sid=127cfc&_nc_ohc=zmlnYPDWs2EQ7kNvwHlDkez&_nc_oc=AdoZjoPIA-jYQrzlsa1rGcx4f_n3prN30tsReczlA3wDSZqhWGx0vFSlzadnf-a6Wju64imv8dG9k0mbW2bxnBaN&_nc_zt=23&se=-1&_nc_ht=scontent-lga3-1.xx&_nc_gid=nZZgbuN4vkfLdayfZilcQw&_nc_ss=72289&oh=00_AQBh9mH5dFnQD4IJvNx4XPikySMCMoNj27J5Fn4lLV01RQ&oe=6A6D50AD, https://scontent-lga3-2.xx.fbcdn.net/v/t51.82787-15/549209929_18383848711126051_3731486930098471608_n.jpg?stp=dst-jpegr_tt6&cstp=mx1440x1920&ctp=s590x590&_nc_cat=107&ccb=1-7&_nc_sid=127cfc&_nc_ohc=Du06N-WudlkQ7kNvwHfI3ES&_nc_oc=AdocJ1Q-2tUzbsCcb6twpsotreQqRNsRa_J3CT3WLDn9uUDbjzDN6TCFEDvBdyVlCx4iuslropJr4FoD772K73Z2&_nc_zt=23&se=-1&_nc_ht=scontent-lga3-2.xx&_nc_gid=nZZgbuN4vkfLdayfZilcQw&_nc_ss=72289&oh=00_AQAzFmgKCMiqqUgXzAXFqbNf-XXqN0u2XOm-uQpK6dO0Lw&oe=6A6D310C, https://scontent-lga3-2.xx.fbcdn.net/v/t51.82787-15/548952969_18383848693126051_5963499226889321092_n.jpg?stp=dst-jpegr_tt6&cstp=mx1440x1920&ctp=s590x590&_nc_cat=101&ccb=1-7&_nc_sid=127cfc&_nc_ohc=ZSxgSxcRaacQ7kNvwFSCc2L&_nc_oc=AdrmseHz7kOEseb404T_SpawZ3QrZ7HN2M-gyV3X3ciP1b_6qNgyLn78tYYEyfnET48HWga-yoX2r4oYjV4qqEBu&_nc_zt=23&se=-1&_nc_ht=scontent-lga3-2.xx&_nc_gid=nZZgbuN4vkfLdayfZilcQw&_nc_ss=72289&oh=00_AQCwoPPhN9fuDW_J8q5KNko3is7V1tv3r0sWeAH31WLQhQ&oe=6A6D5098, https://scontent-lga3-2.xx.fbcdn.net/v/t51.82787-15/548841759_18383848702126051_752165649187128659_n.jpg?stp=dst-jpegr_tt6&cstp=mx1440x1920&ctp=s590x590&_nc_cat=107&ccb=1-7&_nc_sid=127cfc&_nc_ohc=HrnbAGTSeK4Q7kNvwFa4qRT&_nc_oc=Adrfa3stKSsG5KF2vkT6saz_hOqTa3bInGbYzmFrwL9b31HNwaOIGMoRuCCh6nT4RKZ66lJsCamxXPcCrWC1uSdj&_nc_zt=23&se=-1&_nc_ht=scontent-lga3-2.xx&_nc_gid=nZZgbuN4vkfLdayfZilcQw&_nc_ss=72289&oh=00_AQCNIsBAApeL8XR794ymUM5xumzBMNpgC1CrEA9ZVWrbfA&oe=6A6D4B7F",,,,
Vieira's Gym,facebook,1348222807306186,https://www.facebook.com/100063554378306/posts/1348222807306186,2025-07-26T07:48:23.000Z,Seminário de Taekwondo 19.07.2025,,"https://scontent-lga3-1.xx.fbcdn.net/v/t51.82787-10/523169179_18377356312126051_8580327048910264124_n.jpg?stp=dst-jpg_tt6&cstp=mx720x405&ctp=s590x590&_nc_cat=109&ccb=1-7&_nc_sid=5fad0e&_nc_ohc=IponNX4ZNxgQ7kNvwEM7nnF&_nc_oc=AdqqKKOm0hbU4zXjPn3UyvJNOZ55QNDnP9Feumy-YbXzwjpf0h8qxEQg5qsOOH2TWYGfpFNIFQMkNBcZ4BCfjN6H&_nc_zt=23&_nc_ht=scontent-lga3-1.xx&_nc_gid=nZZgbuN4vkfLdayfZilcQw&_nc_ss=72289&oh=00_AQDEPr3hF0kOTC6QsKLsVn_xleLhk9Vk8uvvE2lGyuzsMw&oe=6A6D56F2, https://scontent-lga3-2.xx.fbcdn.net/v/t51.82787-10/521567184_18377356321126051_6176299110192822271_n.jpg?stp=dst-jpg_tt6&cstp=mx720x405&ctp=s590x590&_nc_cat=107&ccb=1-7&_nc_sid=5fad0e&_nc_ohc=hkmUxho_ulYQ7kNvwHI8PgE&_nc_oc=AdqxdIf_UXGKarfDR22gfBLkvxtLGMJPwIbo0iT-af4SoXU-W73WpTkXFsUAvPG4By7LMKszlkiiTJg71QU-laeA&_nc_zt=23&_nc_ht=scontent-lga3-2.xx&_nc_gid=nZZgbuN4vkfLdayfZilcQw&_nc_ss=72289&oh=00_AQA9MkIpWlVaiyOLEPNU8wBhI5LF8I6XHsamnWe--hm2NQ&oe=6A6D4502",,,,
Vieira's Gym,facebook,1342893404505793,https://www.facebook.com/100063554378306/posts/1342893404505793,2025-07-20T17:48:30.000Z,🥋Se conseguirmos unir a nossa família pelo espírito nada é impossível de alcançar…Muito obrigado a todos 🤲 #taekwondofamily #taekwondomarcial #matola #maputo #mozambique #mocambique #artesmarciais #martialarts #thankyou #muitoobrigado #mozambique🇲🇿,"taekwondofamily, taekwondomarcial, matola, maputo, mozambique, mocambique, artesmarciais, martialarts, thankyou, muitoobrigado",https://scontent-lga3-1.xx.fbcdn.net/v/t51.82787-15/520944653_18376675552126051_7760101846959529826_n.jpg?stp=dst-jpegr_tt6&cstp=mx1440x1796&ctp=s640x640&_nc_cat=103&ccb=1-7&_nc_sid=127cfc&_nc_ohc=Ourx0AQgBP4Q7kNvwGtx5S_&_nc_oc=AdoyXOh0jU98jBoqpDH7yTjajbRDtWEDGSYWYx3uDfuY3rLJ4bj5l5DKiMgWjqqxjnf1sfq4mw8mp_Qk4vJh-tHN&_nc_zt=23&se=-1&_nc_ht=scontent-lga3-1.xx&_nc_gid=nZZgbuN4vkfLdayfZilcQw&_nc_ss=72289&oh=00_AQB-bdJxcfDGrNSH2Ql9CDHxTw8y52VFhBxxz2RF_tDsew&oe=6A6D34CD,,,,
Vieira's Gym,facebook,1338134991648301,https://www.facebook.com/100063554378306/posts/1338134991648301,2025-07-15T12:39:14.000Z,"Transforme o seu corpo,sua vida a cada treino!!!💪 #Gym #Ginasioemmaputo #maputocity #transformaçãocorporal #maputomozambique @ayed.vilas @kcorreia.vieira","gym, ginasioemmaputo, maputocity, transformaçãocorporal, maputomozambique, Gym, Ginasioemmaputo",https://scontent.fhnl3-2.fna.fbcdn.net/v/t51.82787-15/518221482_18376031005126051_6481820276819439999_n.jpg?stp=dst-jpg_tt6&cstp=mx847x1059&ctp=s640x640&_nc_cat=108&_nc_map=urlgen_bucketless&ccb=1-7&_nc_sid=127cfc&_nc_ohc=bcqehZWyA4EQ7kNvwFRsARj&_nc_oc=AdoQvXJSLzoh8rP-XktWKo1qOHO9nXsC1wkHnq1bVAQ_7VK5-lc0qDBQyToBvVKRCPA&_nc_zt=23&_nc_ht=scontent.fhnl3-2.fna&_nc_gid=agWlpEuYvr5u_zwXaMOYAg&_nc_ss=7c289&oh=00_AQBW5L-eMxqKgjhtMu55AEeJDUbSATK2nBmcgaqu7pTzvw&oe=6A6D568B,,,,
Vieira's Gym,facebook,1330364715758662,https://www.facebook.com/100063554378306/posts/1330364715758662,2025-07-06T15:39:31.000Z,Organização é a chave para a liberdade. Liberte-se da desordem e conquiste seus objetivos com mais clareza e eficiência.” #kickboxing #wakomoçambique #mozkickboxing #mozambique🇲🇿 #kickboxingmoz,"kickboxing, wakomoçambique, mozkickboxing, mozambique, kickboxingmoz",https://scontent.fhnl3-1.fna.fbcdn.net/v/t51.82787-15/505754393_18374951650126051_1226770732563580589_n.jpg?stp=dst-jpg_tt6&cstp=mx1440x1219&ctp=s590x590&_nc_cat=101&_nc_map=urlgen_bucketless&ccb=1-7&_nc_sid=127cfc&_nc_ohc=hKzH2SzHJX4Q7kNvwH0owpQ&_nc_oc=AdoEMTfxCB_0323r-Av9gfoz7XNPDOhroI5YMTGOmea2ggWsQ9MNEnoKX1D8qewJhyc&_nc_zt=23&_nc_ht=scontent.fhnl3-1.fna&_nc_gid=agWlpEuYvr5u_zwXaMOYAg&_nc_ss=7c289&oh=00_AQBsiti0czmHI0qyKoCJckzPlCroKV9ecc1U7nW73Vzn5w&oe=6A6D37B0,,,,
Vieira's Gym,facebook,1610565591071905,https://www.facebook.com/100063554378306/posts/1610565591071905,2026-04-30T20:25:06.000Z,"Competir é mais do que apenas ganhar, é sobre se desafiar e crescer. 11.04.2026 #wakomocambique #kickboxing #combatsport #maputo #matola @kaz.lukas @mr_chutumia @ayed.vilas @ivanchunguas @kcorreia.vieira @banze.btw @nayltonchilundo @shaylalwmonteiro","wakomocambique, kickboxing, combatsport, maputo, matola","https://scontent-lax3-2.xx.fbcdn.net/v/t51.82787-15/681728933_18420421645126051_8904008458822824364_n.jpg?stp=dst-jpg_tt6&cstp=mx837x438&ctp=s590x590&_nc_cat=107&ccb=1-7&_nc_sid=127cfc&_nc_ohc=lr9Y6k8qL_IQ7kNvwEhJVht&_nc_oc=Adr0dRCpjq3sV1nJBJ78lwply5By8LsaT76agJFDKduvVA9SBxUitwwhfP29Dqmr4Uv9eMtLF0ke3eS9IqtbBgGs&_nc_zt=23&_nc_ht=scontent-lax3-2.xx&_nc_gid=bj5KBVuXgEaZJeZXTOnEgg&_nc_ss=7d289&oh=00_AQDP72QNj6XxxVhqxQCm_xX-mxRbk1pmMTBS8yiHhSCvEQ&oe=6A6D577B, https://scontent-lax3-2.xx.fbcdn.net/v/t51.82787-15/681550343_18420421663126051_5008527465380814954_n.jpg?stp=dst-jpegr_tt6&cstp=mx1440x1080&ctp=s590x590&_nc_cat=106&ccb=1-7&_nc_sid=127cfc&_nc_ohc=TtskTMNwbNwQ7kNvwFOBNi2&_nc_oc=AdoKo4kmix_Ku3ahvmf5w8kiXtCXL4Sk0bbhLjQj6U6IAop8bWMkG5_ijYlKDQEgKJi-ytFecefyWh4fWoRL3g8C&_nc_zt=23&se=-1&_nc_ht=scontent-lax3-2.xx&_nc_gid=bj5KBVuXgEaZJeZXTOnEgg&_nc_ss=7d289&oh=00_AQCpkPl7mA7_dlypUHqtQ8L4LtrovCOs3lgv1LpXJQjK6g&oe=6A6D5FAF, https://scontent-lax3-2.xx.fbcdn.net/v/t51.82787-15/683391453_18420421654126051_7080433992357847253_n.jpg?stp=dst-jpg_tt6&cstp=mx960x720&ctp=s590x590&_nc_cat=103&ccb=1-7&_nc_sid=127cfc&_nc_ohc=K7J0ZKfEez4Q7kNvwE5VogN&_nc_oc=Adr_bKkhlGWfaw6PxQMF4EFjJ4TnEzU-kX7fcB5hkPOP1GaD3N49-kEjKyFJqaNDWhDYnZdx20siG5rVrihurE0o&_nc_zt=23&_nc_ht=scontent-lax3-2.xx&_nc_gid=bj5KBVuXgEaZJeZXTOnEgg&_nc_ss=7d289&oh=00_AQB2w2fskVaPSjST_qHJn9Lqi9TAcmlpN-pcNdC3QApHTA&oe=6A6D5C12",,,,
Vieira's Gym,facebook,1599842792144185,https://www.facebook.com/100063554378306/posts/1599842792144185,2026-04-20T09:40:00.000Z,"O alongamento 🙆‍♂️antes da musculação 🏋️tem como principal objetivo preparar o corpo para o esforço físico💪, aumentando a flexibilidade e a amplitude de movimento. Quer treinar com bom acompanhamento?Junta-te a nós”. WhatsApp: +258828436590 #maputo #matola #treinos #motivação #vidasaudavel","maputo, matola, treinos, motivação, vidasaudavel",https://scontent-lax3-1.xx.fbcdn.net/v/t51.82787-15/673117808_18418805983126051_5946968778361961305_n.jpg?stp=dst-jpegr_tt6&cstp=mx1440x1920&ctp=p526x296&_nc_cat=102&ccb=1-7&_nc_sid=127cfc&_nc_ohc=S3KIyPD1C2oQ7kNvwHVnMWY&_nc_oc=AdobzepjI8W9ZoOxU1WrokvbkBHiHMGTIttR_W19m1net1lzravyWu-INsfVXsaaKvCvkJuKCihh1cKThzv7racd&_nc_zt=23&se=-1&_nc_ht=scontent-lax3-1.xx&_nc_gid=bj5KBVuXgEaZJeZXTOnEgg&_nc_ss=7d289&oh=00_AQBU8xEv5z7Uk29JTNSsou_3slhZhct7UvlN3pz65GU8xA&oe=6A6D3962,,,,
Vieira's Gym,facebook,1578717564256708,https://www.facebook.com/100063554378306/posts/1578717564256708,2026-03-27T11:12:00.000Z,"A persistência é o caminho do êxito e a motivação transforma decisões em realidade. 👌Não espere sorte, crie-a com acções constantes, pois o esforço de hoje é o orgulho de amanhã.💪 @kaz.lukas @ayed.vilas @domingas_lm @leidafumo @_alvaro_diogo @nayltonchilundo #kickboxing #wakomoçambique #maputo #matola","kickboxing, wakomoçambique, maputo, matola",https://scontent-lax7-1.xx.fbcdn.net/v/t51.82787-15/658641696_18415085926126051_985718702764947068_n.jpg?stp=dst-jpg_tt6&cstp=mx1440x915&ctp=p843x403&_nc_cat=105&ccb=1-7&_nc_sid=127cfc&_nc_ohc=SapVsT1EoIIQ7kNvwGaiJk5&_nc_oc=Adq37UTLmjut4VQmmMqMfdf-Qa6hNQLVN9DEy8DYYDMhAgcHFk38E-ZFgQljfCdMQ12-RSuWsyCszs-DpDfJAXTx&_nc_zt=23&_nc_ht=scontent-lax7-1.xx&_nc_gid=bj5KBVuXgEaZJeZXTOnEgg&_nc_ss=7d289&oh=00_AQDtnB1ge0iJM3hxxmexExjObCrM1I7fdWUS5fD-K6DqwA&oe=6A6D520A,,,,
Vieira's Gym,facebook,1558192906309174,https://www.facebook.com/100063554378306/posts/1558192906309174,2026-03-04T21:15:06.000Z,"Fui convidado pela Associação de Taekwondo da cidade de Maputo para partilhar um pouco da minha experiência sobre como criar,gerir um ginásio/ academia de forma a que esta seja um sucesso…21/02/2026 .Quero agradecer ao elenco da Adtcm em especial ao presidente @josedaconceicaotembe pelo convite e dar os parabéns a todos que participaram desta formação para instrutores e monitores de Taekwondo.",,"https://scontent-mia3-1.xx.fbcdn.net/v/t51.82787-15/645919393_18410926960126051_4639938383957226890_n.jpg?stp=dst-jpg_tt6&cstp=mx900x1200&ctp=s590x590&_nc_cat=106&ccb=1-7&_nc_sid=127cfc&_nc_ohc=fL4F6kYa4kUQ7kNvwHFCloU&_nc_oc=AdoFn1Ck0ABuyTeh5IjdUb2fhYqAK7b3n2F3G-3ojqNABDRrZRz9tzc4ZmZRB2Z8OWg&_nc_zt=23&_nc_ht=scontent-mia3-1.xx&_nc_gid=yhTSdy2nD-dCtkUeEX9U6A&_nc_ss=72289&oh=00_AQCqk1WAxDhk9ogoTQNBa2wjycylyLzFpiHMmPaKhFm_Rw&oe=6A6D5093, https://scontent-mia5-1.xx.fbcdn.net/v/t51.82787-15/645820903_18410926969126051_4741654546695815615_n.jpg?stp=dst-jpg_tt6&cstp=mx900x1200&ctp=s590x590&_nc_cat=102&ccb=1-7&_nc_sid=127cfc&_nc_ohc=dhQjtt6MERsQ7kNvwHX9ucz&_nc_oc=AdruORqu3E-vI7hpJqh3dlozwQ6jpL9xmyysqDzO8NuzRhvxmIgUrx2lWP_KpWVeHkw&_nc_zt=23&_nc_ht=scontent-mia5-1.xx&_nc_gid=yhTSdy2nD-dCtkUeEX9U6A&_nc_ss=72289&oh=00_AQCDEmUkwHXtVDyVxn2dCR7oSgNAXyvMCRbsGHng4wJfXQ&oe=6A6D5F27, https://scontent-mia3-3.xx.fbcdn.net/v/t51.82787-15/645841466_18410926999126051_1724056440867713859_n.jpg?stp=dst-jpg_tt6&cstp=mx1440x1920&ctp=s590x590&_nc_cat=110&ccb=1-7&_nc_sid=127cfc&_nc_ohc=jaddLLc_iwUQ7kNvwHvlPKC&_nc_oc=AdrNM4aRe3SnS1o_pLdeQuT2jnw0Jnj-h3IeD-742RjsfdBxu724NQ4wBZIhvfRPO4Q&_nc_zt=23&_nc_ht=scontent-mia3-3.xx&_nc_gid=yhTSdy2nD-dCtkUeEX9U6A&_nc_ss=72289&oh=00_AQDRpeFpHJDl-8S5yfVEhkrn19Fhhn6ArKEVfuL7uwpW9g&oe=6A6D36B1, https://scontent-mia3-3.xx.fbcdn.net/v/t51.82787-15/645818994_18410926990126051_4895275930548750721_n.jpg?stp=dst-jpg_tt6&cstp=mx1440x1920&ctp=s590x590&_nc_cat=110&ccb=1-7&_nc_sid=127cfc&_nc_ohc=T7lLm93tHDIQ7kNvwGmcxGd&_nc_oc=AdqBFoTkEh5O7xxe9Ji5rjMNzqh9RMgT8-Y8tJzWmqwroIViWsyBC71NeFWLwwSOicM&_nc_zt=23&_nc_ht=scontent-mia3-3.xx&_nc_gid=yhTSdy2nD-dCtkUeEX9U6A&_nc_ss=72289&oh=00_AQCUE3riwZg-kDd7CNS25r07MvR-8xgtnjLZS3ADAJKH2Q&oe=6A6D4380, https://scontent-mia3-1.xx.fbcdn.net/v/t51.82787-15/645936300_18410926978126051_912288643384656853_n.jpg?stp=dst-jpg_tt6&cstp=mx900x1200&ctp=s590x590&_nc_cat=106&ccb=1-7&_nc_sid=127cfc&_nc_ohc=g16xcSxnuvUQ7kNvwGjNAF8&_nc_oc=AdqedyL9l2puGL1hxr84EaTPHLeWW5mMgGZYViuoJu45jICkKOAqOeBuqBD1MPlVe_M&_nc_zt=23&_nc_ht=scontent-mia3-1.xx&_nc_gid=yhTSdy2nD-dCtkUeEX9U6A&_nc_ss=72289&oh=00_AQDMWso09DD5a1n8c4bQiZhoT6dFM5jbtS1Eo6CWj-5iVQ&oe=6A6D5922",,,,
Vieira's Gym,facebook,1516249020503563,https://www.facebook.com/100063554378306/posts/1516249020503563,2026-01-19T09:09:27.000Z,"‘’Fomos criados para avançar, crescer e subir de nível. A nossa natureza é de crescimento e isso implica esforço e trabalho duro…no final vale sempre a pena”.🥊🥋 @ayed.vilas @kaz.lukas @larson_sithoy @joaquim_nhanala @banze.btw",,https://scontent-mia3-1.xx.fbcdn.net/v/t51.82787-15/619839491_18402385222126051_928952427689340513_n.jpg?stp=dst-jpg_tt6&cstp=mx1440x1080&ctp=s720x720&_nc_cat=106&ccb=1-7&_nc_sid=127cfc&_nc_ohc=sadTdI8_MgkQ7kNvwHsfmEV&_nc_oc=AdpDZxR5ddDn6zz5i99he_kwvj2QEJ37ZBal_icL5Vqoe1jMGt5oc5lkgPOm6ByEEks&_nc_zt=23&_nc_ht=scontent-mia3-1.xx&_nc_gid=yhTSdy2nD-dCtkUeEX9U6A&_nc_ss=72289&oh=00_AQBMuCaG1CMrRu93gGXZdeybU_X34c904bnoFkX18XGJAQ&oe=6A6D5012,,,,
Vieira's Gym,facebook,1505341391594326,https://www.facebook.com/100063554378306/posts/1505341391594326,2026-01-06T11:49:07.000Z,“Cada desafio é uma oportunidade para crescer e se superar. Enfrentemos juntos com determinação”. #taekwondo #maputo #matola #martialarts #vieirasgym @ayed.vilas @derciodaude @kcorreia.vieira @davidandrade64,"taekwondo, maputo, matola, martialarts, vieirasgym",https://scontent-mia5-1.xx.fbcdn.net/v/t51.82787-15/611269913_18400914520126051_7353624116514207761_n.jpg?stp=dst-jpg_tt6&cstp=mx1440x754&ctp=s960x960&_nc_cat=101&ccb=1-7&_nc_sid=127cfc&_nc_ohc=g2Md0IjH4nEQ7kNvwHTbW2y&_nc_oc=Adok4i2NtvU8w-L4SDvtHt_FPrCtoNbv7JYsEDuadgWfhH5tX9skYfW9-i9M_7oNzjc&_nc_zt=23&_nc_ht=scontent-mia5-1.xx&_nc_gid=yhTSdy2nD-dCtkUeEX9U6A&_nc_ss=72289&oh=00_AQATLol8uodOU4LTsxdlxnHsxw72gc7zxmtDizB-ySPdaQ&oe=6A6D4F9C,,,,
Vieira's Gym,facebook,1499794242149041,https://www.facebook.com/100063554378306/posts/1499794242149041,2025-12-30T12:46:09.000Z,"“A dor do treino é temporária, mas a satisfação da conquista é para sempre”. Muitos parabéns pela nova etapa 🥋🥊🇲🇿… @djv.ofc @ivanchunguas #kickboxingmoz #wakomoçambique #vieirasgym #maputo #matola","kickboxingmoz, wakomoçambique, vieirasgym, maputo, matola",https://scontent-ord5-3.xx.fbcdn.net/v/t51.82787-15/608177711_18400030924126051_717605435805103536_n.jpg?stp=dst-jpg_tt6&cstp=mx1440x1636&ctp=s590x590&_nc_cat=107&ccb=1-7&_nc_sid=127cfc&_nc_ohc=YwxSv-ydUn0Q7kNvwEnki5G&_nc_oc=Adr36xSp7TA06tipRFI-D2MgYT609ZkvBNPCRUJr8sm0nyRM-AhKO9swhLQtkmCLmko&_nc_zt=23&_nc_ht=scontent-ord5-3.xx&_nc_gid=vxCeCKTIOX0S23Zh-QZB6Q&_nc_ss=72289&oh=00_AQAE4YYuAHHtcPBJL_X-mnltjMu5EWQx8qz6ReJpHaa9pg&oe=6A6D4718,,,,
Vieira's Gym,facebook,1495725489222583,https://www.facebook.com/100063554378306/posts/1495725489222583,2025-12-25T08:17:10.000Z,🚨Nb:O ginásio continua aberto para os alunos interessados em usar as salas de treino nos horários normais de funcionamento obrigado💪🥋🏋️🥊🤼‍♂️ #vieirasgym #ginasio #maputo #matola moçambique🇲🇿,"vieirasgym, ginasio, maputo, matola",https://scontent-ord5-2.xx.fbcdn.net/v/t51.82787-15/605788477_18399432469126051_1818456259148906563_n.jpg?stp=dst-jpg_tt6&cstp=mx1365x1820&ctp=p526x296&_nc_cat=110&ccb=1-7&_nc_sid=127cfc&_nc_ohc=xSaYA7QXfKgQ7kNvwGf6TyY&_nc_oc=AdqXpQzGk7viP8QPQbRehPzIuVg93jx8lPBTmE88EYrW4ByLqsRvMto4meDIF9loDz0&_nc_zt=23&_nc_ht=scontent-ord5-2.xx&_nc_gid=vxCeCKTIOX0S23Zh-QZB6Q&_nc_ss=72289&oh=00_AQAXPjDVUZCtfibQZMIVNGnbQMKhyn4T_rZpJIIo3uEHog&oe=6A6D5840,,,,
Vieira's Gym,facebook,1484696613658804,https://www.facebook.com/100063554378306/posts/1484696613658804,2025-12-12T12:31:41.000Z,#wakomoçambique #kickboxingmozambique🇲🇿,"wakomoçambique, kickboxingmozambique",https://scontent-ord5-2.xx.fbcdn.net/v/t51.82787-15/599906801_18397933633126051_4608931817862446032_n.jpg?stp=dst-jpg_tt6&cstp=mx1440x943&ctp=p180x540&_nc_cat=105&ccb=1-7&_nc_sid=127cfc&_nc_ohc=udHX6G9zz8gQ7kNvwEoH_Ij&_nc_oc=AdoDhxE181imx1YDtFRhDToAe9g8vLpKN0DVNvj0ppMM1h0Rwp7EuBFAbk5a7azzUHE&_nc_zt=23&_nc_ht=scontent-ord5-2.xx&_nc_gid=vxCeCKTIOX0S23Zh-QZB6Q&_nc_ss=72289&oh=00_AQC4UmIuJ6f7F6rlxHMJYY9fGrqW75JLyx1y1sy2aUYsqg&oe=6A6D5311,,,,
Vieira's Gym,facebook,1475542891240843,https://www.facebook.com/100063554378306/posts/1475542891240843,2025-12-02T08:00:40.000Z,@kaz.lukas @ayed.vilas @mr_chutumia @vieiras_gym @djv.ofc,,https://scontent-dfw5-1.xx.fbcdn.net/v/t51.82787-15/589107718_18396707023126051_1573673716240471718_n.jpg?stp=dst-jpg_tt6&cstp=mx1440x1080&ctp=s720x720&_nc_cat=105&ccb=1-7&_nc_sid=127cfc&_nc_ohc=iBx3p83dQKQQ7kNvwGmHTgt&_nc_oc=AdoBX-j5t7uDn86lFOq2EzLlMAqIMxcaS6l9OxGKsQKbK2ejr4ZFp1G4xYVszI49Kdo&_nc_zt=23&_nc_ht=scontent-dfw5-1.xx&_nc_gid=qCxeOM_8QfVClbaNuagAzQ&_nc_ss=72289&oh=00_AQAaqgY_W9tealxwHwHDR3-vbd9CtTcsMjl2ziDa5hGUdg&oe=6A6D3D9B,,,,[object Object]
Vieira's Gym,facebook,1456674449794354,https://www.facebook.com/100063554378306/posts/1456674449794354,2025-11-12T12:40:44.000Z,Nenhum objetivo é inalcançável quando trabalhamos em equipe e nos apoiamos mutuamente. @ayed.vilas @natalinotkd9 @derciodaude @joaojessen,,https://scontent-dfw6-2.xx.fbcdn.net/v/t51.82787-15/581970454_18393456136126051_3295925087447254493_n.jpg?stp=dst-jpg_tt6&cstp=mx1279x1366&ctp=p180x540&_nc_cat=109&ccb=1-7&_nc_sid=127cfc&_nc_ohc=XC5NsXb_FgcQ7kNvwFG4eVQ&_nc_oc=AdrUigVtU3VuR9N9O0jHXGtUtDer8z0FtVRjbfh2th3j-dSH_TZamL-I-voXhIwU_KM&_nc_zt=23&_nc_ht=scontent-dfw6-2.xx&_nc_gid=qCxeOM_8QfVClbaNuagAzQ&_nc_ss=72289&oh=00_AQCWyzGvfJhSXr44u7-bXUOS5qBiE1izPqDwluQj9GRGDQ&oe=6A6D3CF7,,,,[object Object]
Vieira's Gym,facebook,1433972595397873,https://www.facebook.com/100063554378306/posts/1433972595397873,2025-10-21T10:24:57.000Z,,,https://scontent-dfw6-1.xx.fbcdn.net/v/t51.82787-15/567264813_18389621803126051_8961864261518889606_n.jpg?stp=dst-jpg_tt6&cstp=mx1094x911&ctp=s600x600&_nc_cat=102&ccb=1-7&_nc_sid=127cfc&_nc_ohc=OduLGjFljXIQ7kNvwF-xYZD&_nc_oc=AdqKrDpuIKO2cDLtBNYYpsJAYpgQcmReVMOD1-AjkVqmFV6t5JVrbXKEAoejdjZyOuw&_nc_zt=23&_nc_ht=scontent-dfw6-1.xx&_nc_gid=qCxeOM_8QfVClbaNuagAzQ&_nc_ss=72289&oh=00_AQC1JnPIaTheXTSatnSR7HfNedA_sXjeMzqHfUMTq23Xkg&oe=6A6D4A8D,,,,
Vieira's Gym,facebook,1415420637253069,https://www.facebook.com/100063554378306/posts/1415420637253069,2025-10-04T10:02:57.000Z,Organização e arbitragem do campeonato de taekwondo 20.09.2025 @ayed.vilas @derciodaude @natalinotkd9 @kcorreia.vieira @joaojessen #gym #maputo #vieirasgym,"gym, maputo, vieirasgym",https://scontent-atl3-3.xx.fbcdn.net/v/t51.82787-15/559201838_18386495218126051_5507386497564803455_n.jpg?stp=dst-jpg_tt6&cstp=mx1440x1440&ctp=p526x296&_nc_cat=110&ccb=1-7&_nc_sid=127cfc&_nc_ohc=wdKdRUHOnGoQ7kNvwGZYqBU&_nc_oc=AdrUchkjpDo7iYNPQ40DgpF6cdr0jfjcZYCQse5Gp8lKpFNo_3RHyy24RibAllQO5xfqMphNTXVRtRAZZ2t9MIQO&_nc_zt=23&_nc_ht=scontent-atl3-3.xx&_nc_gid=5ZmRf0BgTE_DskKI_dj7aA&_nc_ss=72289&oh=00_AQBLU9vwkQb1VJPAwJK2ZkbzCJTNldPzoa-plDoaNYvX2g&oe=6A6D516F,,,,
Vieira's Gym,facebook,1413418920786574,https://www.facebook.com/100063554378306/posts/1413418920786574,2025-10-02T09:29:03.000Z,Campeonato de Taekwondo Técnica e Combate 20.09.2025 #taekwondo #maputo #vieirasgym #mocambique🇲🇿 @ayed.vilas @natalinotkd9 @derciodaude @kcorreia.vieira @joaojessen,"taekwondo, maputo, vieirasgym, mocambique","https://scontent-atl3-2.xx.fbcdn.net/v/t51.82787-15/557428677_18386178013126051_6696946722801537047_n.jpg?stp=dst-jpegr_tt6&cstp=mx1440x1440&ctp=s590x590&_nc_cat=101&ccb=1-7&_nc_sid=127cfc&_nc_ohc=4yrXHMPeBLUQ7kNvwEh5MIo&_nc_oc=Adof_iOCScl36D_pB3JUuOcsn5kweOnEBda1aE8oD3KH--wqDJt9qSfLycyH-m9HvsrY7Xz5XmeXrTrTCuO5ProK&_nc_zt=23&se=-1&_nc_ht=scontent-atl3-2.xx&_nc_gid=5ZmRf0BgTE_DskKI_dj7aA&_nc_ss=72289&oh=00_AQBxHxKdL2YaTTaQGzG289uHDmuI35GTqz07Ox5rfK3XdA&oe=6A6D3BBC, https://scontent-atl3-2.xx.fbcdn.net/v/t51.82787-15/558011932_18386178028126051_7252434226060350150_n.jpg?stp=dst-jpegr_tt6&cstp=mx1440x1440&ctp=s590x590&_nc_cat=102&ccb=1-7&_nc_sid=127cfc&_nc_ohc=aRIeg-yDxvoQ7kNvwG-d_6m&_nc_oc=AdqOU2Lgj1eQqRQ8viwedSwUbQCxroyYUC2wg3j8sICFJoLdd7TaP7kxKhSk9ggryUMH-LmY8MO_uO3qIRWOc4DO&_nc_zt=23&se=-1&_nc_ht=scontent-atl3-2.xx&_nc_gid=5ZmRf0BgTE_DskKI_dj7aA&_nc_ss=72289&oh=00_AQDgJxeXb0WruYOYzFkedeLRptrCEp1XJ25-AQt83BO1Mg&oe=6A6D4AAF, https://scontent-atl3-2.xx.fbcdn.net/v/t51.82787-15/557360437_18386178040126051_2099777730286187565_n.jpg?stp=dst-jpegr_tt6&cstp=mx1440x1440&ctp=s590x590&_nc_cat=101&ccb=1-7&_nc_sid=127cfc&_nc_ohc=PjAhHzW-eHkQ7kNvwGpAQKo&_nc_oc=Adr4NbHf0wQyHLnnTkpbvKjXtHROzMDe6sJIBUhySBQqz9IhsNAi6YsCknH2C2Q4pJxDzNi-F7LuGL-klD5UjuY9&_nc_zt=23&se=-1&_nc_ht=scontent-atl3-2.xx&_nc_gid=5ZmRf0BgTE_DskKI_dj7aA&_nc_ss=72289&oh=00_AQApiWPNHfg33kSo9HKnlv9RvlUkswf-7OvM3YR82AhPmw&oe=6A6D364E, https://scontent-atl3-3.xx.fbcdn.net/v/t51.82787-15/559666227_18386178049126051_1346711057035483224_n.jpg?stp=dst-jpegr_tt6&cstp=mx1440x1440&ctp=s590x590&_nc_cat=111&ccb=1-7&_nc_sid=127cfc&_nc_ohc=rpktDtEIjcEQ7kNvwHBvYPk&_nc_oc=AdoutwsnIBz5ckzbm0Z-npMDIujXda0ceR6lCakpq_0cmc7Yr5Des5I3J6kuOYLw1_d6hEpVCzbanFr6WExilaDl&_nc_zt=23&se=-1&_nc_ht=scontent-atl3-3.xx&_nc_gid=5ZmRf0BgTE_DskKI_dj7aA&_nc_ss=72289&oh=00_AQDS7Wf-KhfO5i_ak3RCSVYZsywbgW_EJJICq0QijKl8Og&oe=6A6D4EFC, https://scontent-atl3-1.xx.fbcdn.net/v/t51.82787-15/558452602_18386178064126051_2747747443831867163_n.jpg?stp=dst-jpegr_tt6&cstp=mx1440x1440&ctp=s590x590&_nc_cat=106&ccb=1-7&_nc_sid=127cfc&_nc_ohc=3N9mWpkRm9YQ7kNvwHVvkdr&_nc_oc=Adq4qsE1BRuoXjBg5MdiVYODxwQPUgyahhWaN2l4nrSnmIRKSG8Zs-lw2AX1MYD9RWx5BQgUmW847f18HUV5rtc0&_nc_zt=23&se=-1&_nc_ht=scontent-atl3-1.xx&_nc_gid=5ZmRf0BgTE_DskKI_dj7aA&_nc_ss=72289&oh=00_AQBWKx37hiEzTnnsbVT7deNdJC7DHNSrQo-6MOynTwbHow&oe=6A6D4997",,,,
Vieira's Gym,facebook,1403436011784865,https://www.facebook.com/100063554378306/posts/1403436011784865,2025-09-22T10:04:03.000Z,O nosso muito obrigado a Equipe de arbitragem/ Organização do campeonato De kickboxing L.C. #wakomoçambique #kickboxing #vieirasgym #maputo @kaz.lukas @ayed.vilas @ivanchunguas @kcorreia.vieira,"wakomoçambique, kickboxing, vieirasgym, maputo",https://scontent-atl3-2.xx.fbcdn.net/v/t51.82787-15/551981828_18384676420126051_3295109863735284680_n.jpg?stp=dst-jpg_tt6&cstp=mx1440x1115&ctp=p180x540&_nc_cat=104&ccb=1-7&_nc_sid=127cfc&_nc_ohc=3ADUJbDqLUMQ7kNvwEnTP3-&_nc_oc=AdonySU7jBN4stP1C5VGNgvGsbiyODQgYAJJjrbMHXZqaKrJMcqR23tD4JoWYTCZyF68q3V2xGt7wbxnJttQHxlH&_nc_zt=23&_nc_ht=scontent-atl3-2.xx&_nc_gid=5ZmRf0BgTE_DskKI_dj7aA&_nc_ss=72289&oh=00_AQCAZjTjmDpvMgi2unMp7caUgc3z_reitUdoTw7u0rjtGw&oe=6A6D562C,,,,
Vieira's Gym,facebook,1397581622370304,https://www.facebook.com/100063554378306/posts/1397581622370304,2025-09-16T08:41:32.000Z,"Parabéns a *todos os intervenientes* neste campeonato de kickboxing!🥊🇲🇿
Organizadores, atletas, treinadores, e público — todos deram o seu melhor e mostraram que, quando trabalhamos juntos, *ninguém perde, todos ganham.* 🙌
Foi bonito de ver o espírito desportivo, a entrega, a evolução dos atletas e, acima de tudo, o respeito dentro e fora do tatame. Cada combate foi uma aula de superação!
Quero deixar um destaque especial para a *nova escola do Tsalala(Matola)*, que mostrou que está a crescer com força, foco e talento. 👏 O futuro promete — e muito!
A caminhada continua. A frente é o caminho.
*Vamos juntos, passo a passo, levantar ainda mais o nome do kickboxing!*
*Força a todos e até o próximo Campeonato!* 💪🔥🥊🇲🇿 @kaz.lukas",,"https://scontent-lga3-3.xx.fbcdn.net/v/t51.82787-15/549127494_18383848669126051_8382251072684987345_n.jpg?stp=dst-jpg_tt6&cstp=mx845x446&ctp=s590x590&_nc_cat=108&ccb=1-7&_nc_sid=127cfc&_nc_ohc=gm5P8tp7S7kQ7kNvwHpK95_&_nc_oc=AdpPYBAnFw56av7KRMOEpdCsyEv7OLNC1x0vrT_7Tw6WZ6kPqVAWsLRiwVxSEZoJskTDFP867H-xNsu4zN5KMoZ9&_nc_zt=23&_nc_ht=scontent-lga3-3.xx&_nc_gid=nZZgbuN4vkfLdayfZilcQw&_nc_ss=72289&oh=00_AQDMsWwcUCwI6G-nHvRq7akfvdsV1bntEsxcoYOjVHdW4w&oe=6A6D3C0E, https://scontent-lga3-1.xx.fbcdn.net/v/t51.82787-15/549288636_18383848684126051_9117256454105390060_n.jpg?stp=dst-jpegr_tt6&cstp=mx1440x1920&ctp=s590x590&_nc_cat=110&ccb=1-7&_nc_sid=127cfc&_nc_ohc=zmlnYPDWs2EQ7kNvwHlDkez&_nc_oc=AdoZjoPIA-jYQrzlsa1rGcx4f_n3prN30tsReczlA3wDSZqhWGx0vFSlzadnf-a6Wju64imv8dG9k0mbW2bxnBaN&_nc_zt=23&se=-1&_nc_ht=scontent-lga3-1.xx&_nc_gid=nZZgbuN4vkfLdayfZilcQw&_nc_ss=72289&oh=00_AQBh9mH5dFnQD4IJvNx4XPikySMCMoNj27J5Fn4lLV01RQ&oe=6A6D50AD, https://scontent-lga3-2.xx.fbcdn.net/v/t51.82787-15/549209929_18383848711126051_3731486930098471608_n.jpg?stp=dst-jpegr_tt6&cstp=mx1440x1920&ctp=s590x590&_nc_cat=107&ccb=1-7&_nc_sid=127cfc&_nc_ohc=Du06N-WudlkQ7kNvwHfI3ES&_nc_oc=AdocJ1Q-2tUzbsCcb6twpsotreQqRNsRa_J3CT3WLDn9uUDbjzDN6TCFEDvBdyVlCx4iuslropJr4FoD772K73Z2&_nc_zt=23&se=-1&_nc_ht=scontent-lga3-2.xx&_nc_gid=nZZgbuN4vkfLdayfZilcQw&_nc_ss=72289&oh=00_AQAzFmgKCMiqqUgXzAXFqbNf-XXqN0u2XOm-uQpK6dO0Lw&oe=6A6D310C, https://scontent-lga3-2.xx.fbcdn.net/v/t51.82787-15/548952969_18383848693126051_5963499226889321092_n.jpg?stp=dst-jpegr_tt6&cstp=mx1440x1920&ctp=s590x590&_nc_cat=101&ccb=1-7&_nc_sid=127cfc&_nc_ohc=ZSxgSxcRaacQ7kNvwFSCc2L&_nc_oc=AdrmseHz7kOEseb404T_SpawZ3QrZ7HN2M-gyV3X3ciP1b_6qNgyLn78tYYEyfnET48HWga-yoX2r4oYjV4qqEBu&_nc_zt=23&se=-1&_nc_ht=scontent-lga3-2.xx&_nc_gid=nZZgbuN4vkfLdayfZilcQw&_nc_ss=72289&oh=00_AQCwoPPhN9fuDW_J8q5KNko3is7V1tv3r0sWeAH31WLQhQ&oe=6A6D5098, https://scontent-lga3-2.xx.fbcdn.net/v/t51.82787-15/548841759_18383848702126051_752165649187128659_n.jpg?stp=dst-jpegr_tt6&cstp=mx1440x1920&ctp=s590x590&_nc_cat=107&ccb=1-7&_nc_sid=127cfc&_nc_ohc=HrnbAGTSeK4Q7kNvwFa4qRT&_nc_oc=Adrfa3stKSsG5KF2vkT6saz_hOqTa3bInGbYzmFrwL9b31HNwaOIGMoRuCCh6nT4RKZ66lJsCamxXPcCrWC1uSdj&_nc_zt=23&se=-1&_nc_ht=scontent-lga3-2.xx&_nc_gid=nZZgbuN4vkfLdayfZilcQw&_nc_ss=72289&oh=00_AQCNIsBAApeL8XR794ymUM5xumzBMNpgC1CrEA9ZVWrbfA&oe=6A6D4B7F",,,,
Vieira's Gym,facebook,1348222807306186,https://www.facebook.com/100063554378306/posts/1348222807306186,2025-07-26T07:48:23.000Z,Seminário de Taekwondo 19.07.2025,,"https://scontent-lga3-1.xx.fbcdn.net/v/t51.82787-10/523169179_18377356312126051_8580327048910264124_n.jpg?stp=dst-jpg_tt6&cstp=mx720x405&ctp=s590x590&_nc_cat=109&ccb=1-7&_nc_sid=5fad0e&_nc_ohc=IponNX4ZNxgQ7kNvwEM7nnF&_nc_oc=AdqqKKOm0hbU4zXjPn3UyvJNOZ55QNDnP9Feumy-YbXzwjpf0h8qxEQg5qsOOH2TWYGfpFNIFQMkNBcZ4BCfjN6H&_nc_zt=23&_nc_ht=scontent-lga3-1.xx&_nc_gid=nZZgbuN4vkfLdayfZilcQw&_nc_ss=72289&oh=00_AQDEPr3hF0kOTC6QsKLsVn_xleLhk9Vk8uvvE2lGyuzsMw&oe=6A6D56F2, https://scontent-lga3-2.xx.fbcdn.net/v/t51.82787-10/521567184_18377356321126051_6176299110192822271_n.jpg?stp=dst-jpg_tt6&cstp=mx720x405&ctp=s590x590&_nc_cat=107&ccb=1-7&_nc_sid=5fad0e&_nc_ohc=hkmUxho_ulYQ7kNvwHI8PgE&_nc_oc=AdqxdIf_UXGKarfDR22gfBLkvxtLGMJPwIbo0iT-af4SoXU-W73WpTkXFsUAvPG4By7LMKszlkiiTJg71QU-laeA&_nc_zt=23&_nc_ht=scontent-lga3-2.xx&_nc_gid=nZZgbuN4vkfLdayfZilcQw&_nc_ss=72289&oh=00_AQA9MkIpWlVaiyOLEPNU8wBhI5LF8I6XHsamnWe--hm2NQ&oe=6A6D4502",,,,
Vieira's Gym,facebook,1342893404505793,https://www.facebook.com/100063554378306/posts/1342893404505793,2025-07-20T17:48:30.000Z,🥋Se conseguirmos unir a nossa família pelo espírito nada é impossível de alcançar…Muito obrigado a todos 🤲 #taekwondofamily #taekwondomarcial #matola #maputo #mozambique #mocambique #artesmarciais #martialarts #thankyou #muitoobrigado #mozambique🇲🇿,"taekwondofamily, taekwondomarcial, matola, maputo, mozambique, mocambique, artesmarciais, martialarts, thankyou, muitoobrigado",https://scontent-lga3-1.xx.fbcdn.net/v/t51.82787-15/520944653_18376675552126051_7760101846959529826_n.jpg?stp=dst-jpegr_tt6&cstp=mx1440x1796&ctp=s640x640&_nc_cat=103&ccb=1-7&_nc_sid=127cfc&_nc_ohc=Ourx0AQgBP4Q7kNvwGtx5S_&_nc_oc=AdoyXOh0jU98jBoqpDH7yTjajbRDtWEDGSYWYx3uDfuY3rLJ4bj5l5DKiMgWjqqxjnf1sfq4mw8mp_Qk4vJh-tHN&_nc_zt=23&se=-1&_nc_ht=scontent-lga3-1.xx&_nc_gid=nZZgbuN4vkfLdayfZilcQw&_nc_ss=72289&oh=00_AQB-bdJxcfDGrNSH2Ql9CDHxTw8y52VFhBxxz2RF_tDsew&oe=6A6D34CD,,,,
Vieira's Gym,facebook,1338134991648301,https://www.facebook.com/100063554378306/posts/1338134991648301,2025-07-15T12:39:14.000Z,"Transforme o seu corpo,sua vida a cada treino!!!💪 #Gym #Ginasioemmaputo #maputocity #transformaçãocorporal #maputomozambique @ayed.vilas @kcorreia.vieira","gym, ginasioemmaputo, maputocity, transformaçãocorporal, maputomozambique, Gym, Ginasioemmaputo",https://scontent.fhnl3-2.fna.fbcdn.net/v/t51.82787-15/518221482_18376031005126051_6481820276819439999_n.jpg?stp=dst-jpg_tt6&cstp=mx847x1059&ctp=s640x640&_nc_cat=108&_nc_map=urlgen_bucketless&ccb=1-7&_nc_sid=127cfc&_nc_ohc=bcqehZWyA4EQ7kNvwFRsARj&_nc_oc=AdoQvXJSLzoh8rP-XktWKo1qOHO9nXsC1wkHnq1bVAQ_7VK5-lc0qDBQyToBvVKRCPA&_nc_zt=23&_nc_ht=scontent.fhnl3-2.fna&_nc_gid=agWlpEuYvr5u_zwXaMOYAg&_nc_ss=7c289&oh=00_AQBW5L-eMxqKgjhtMu55AEeJDUbSATK2nBmcgaqu7pTzvw&oe=6A6D568B,,,,
Vieira's Gym,facebook,1330364715758662,https://www.facebook.com/100063554378306/posts/1330364715758662,2025-07-06T15:39:31.000Z,Organização é a chave para a liberdade. Liberte-se da desordem e conquiste seus objetivos com mais clareza e eficiência.” #kickboxing #wakomoçambique #mozkickboxing #mozambique🇲🇿 #kickboxingmoz,"kickboxing, wakomoçambique, mozkickboxing, mozambique, kickboxingmoz",https://scontent.fhnl3-1.fna.fbcdn.net/v/t51.82787-15/505754393_18374951650126051_1226770732563580589_n.jpg?stp=dst-jpg_tt6&cstp=mx1440x1219&ctp=s590x590&_nc_cat=101&_nc_map=urlgen_bucketless&ccb=1-7&_nc_sid=127cfc&_nc_ohc=hKzH2SzHJX4Q7kNvwH0owpQ&_nc_oc=AdoEMTfxCB_0323r-Av9gfoz7XNPDOhroI5YMTGOmea2ggWsQ9MNEnoKX1D8qewJhyc&_nc_zt=23&_nc_ht=scontent.fhnl3-1.fna&_nc_gid=agWlpEuYvr5u_zwXaMOYAg&_nc_ss=7c289&oh=00_AQBsiti0czmHI0qyKoCJckzPlCroKV9ecc1U7nW73Vzn5w&oe=6A6D37B0,,,,
Vieira's Gym,facebook,1610565591071905,https://www.facebook.com/100063554378306/posts/1610565591071905,2026-04-30T20:25:06.000Z,"Competir é mais do que apenas ganhar, é sobre se desafiar e crescer. 11.04.2026 #wakomocambique #kickboxing #combatsport #maputo #matola @kaz.lukas @mr_chutumia @ayed.vilas @ivanchunguas @kcorreia.vieira @banze.btw @nayltonchilundo @shaylalwmonteiro","wakomocambique, kickboxing, combatsport, maputo, matola","https://scontent-lax3-2.xx.fbcdn.net/v/t51.82787-15/681728933_18420421645126051_8904008458822824364_n.jpg?stp=dst-jpg_tt6&cstp=mx837x438&ctp=s590x590&_nc_cat=107&ccb=1-7&_nc_sid=127cfc&_nc_ohc=lr9Y6k8qL_IQ7kNvwEhJVht&_nc_oc=Adr0dRCpjq3sV1nJBJ78lwply5By8LsaT76agJFDKduvVA9SBxUitwwhfP29Dqmr4Uv9eMtLF0ke3eS9IqtbBgGs&_nc_zt=23&_nc_ht=scontent-lax3-2.xx&_nc_gid=bj5KBVuXgEaZJeZXTOnEgg&_nc_ss=7d289&oh=00_AQDP72QNj6XxxVhqxQCm_xX-mxRbk1pmMTBS8yiHhSCvEQ&oe=6A6D577B, https://scontent-lax3-2.xx.fbcdn.net/v/t51.82787-15/681550343_18420421663126051_5008527465380814954_n.jpg?stp=dst-jpegr_tt6&cstp=mx1440x1080&ctp=s590x590&_nc_cat=106&ccb=1-7&_nc_sid=127cfc&_nc_ohc=TtskTMNwbNwQ7kNvwFOBNi2&_nc_oc=AdoKo4kmix_Ku3ahvmf5w8kiXtCXL4Sk0bbhLjQj6U6IAop8bWMkG5_ijYlKDQEgKJi-ytFecefyWh4fWoRL3g8C&_nc_zt=23&se=-1&_nc_ht=scontent-lax3-2.xx&_nc_gid=bj5KBVuXgEaZJeZXTOnEgg&_nc_ss=7d289&oh=00_AQCpkPl7mA7_dlypUHqtQ8L4LtrovCOs3lgv1LpXJQjK6g&oe=6A6D5FAF, https://scontent-lax3-2.xx.fbcdn.net/v/t51.82787-15/683391453_18420421654126051_7080433992357847253_n.jpg?stp=dst-jpg_tt6&cstp=mx960x720&ctp=s590x590&_nc_cat=103&ccb=1-7&_nc_sid=127cfc&_nc_ohc=K7J0ZKfEez4Q7kNvwE5VogN&_nc_oc=Adr_bKkhlGWfaw6PxQMF4EFjJ4TnEzU-kX7fcB5hkPOP1GaD3N49-kEjKyFJqaNDWhDYnZdx20siG5rVrihurE0o&_nc_zt=23&_nc_ht=scontent-lax3-2.xx&_nc_gid=bj5KBVuXgEaZJeZXTOnEgg&_nc_ss=7d289&oh=00_AQB2w2fskVaPSjST_qHJn9Lqi9TAcmlpN-pcNdC3QApHTA&oe=6A6D5C12",,,,
Vieira's Gym,facebook,1599842792144185,https://www.facebook.com/100063554378306/posts/1599842792144185,2026-04-20T09:40:00.000Z,"O alongamento 🙆‍♂️antes da musculação 🏋️tem como principal objetivo preparar o corpo para o esforço físico💪, aumentando a flexibilidade e a amplitude de movimento. Quer treinar com bom acompanhamento?Junta-te a nós”. WhatsApp: +258828436590 #maputo #matola #treinos #motivação #vidasaudavel","maputo, matola, treinos, motivação, vidasaudavel",https://scontent-lax3-1.xx.fbcdn.net/v/t51.82787-15/673117808_18418805983126051_5946968778361961305_n.jpg?stp=dst-jpegr_tt6&cstp=mx1440x1920&ctp=p526x296&_nc_cat=102&ccb=1-7&_nc_sid=127cfc&_nc_ohc=S3KIyPD1C2oQ7kNvwHVnMWY&_nc_oc=AdobzepjI8W9ZoOxU1WrokvbkBHiHMGTIttR_W19m1net1lzravyWu-INsfVXsaaKvCvkJuKCihh1cKThzv7racd&_nc_zt=23&se=-1&_nc_ht=scontent-lax3-1.xx&_nc_gid=bj5KBVuXgEaZJeZXTOnEgg&_nc_ss=7d289&oh=00_AQBU8xEv5z7Uk29JTNSsou_3slhZhct7UvlN3pz65GU8xA&oe=6A6D3962,,,,
Vieira's Gym,facebook,1578717564256708,https://www.facebook.com/100063554378306/posts/1578717564256708,2026-03-27T11:12:00.000Z,"A persistência é o caminho do êxito e a motivação transforma decisões em realidade. 👌Não espere sorte, crie-a com acções constantes, pois o esforço de hoje é o orgulho de amanhã.💪 @kaz.lukas @ayed.vilas @domingas_lm @leidafumo @_alvaro_diogo @nayltonchilundo #kickboxing #wakomoçambique #maputo #matola","kickboxing, wakomoçambique, maputo, matola",https://scontent-lax7-1.xx.fbcdn.net/v/t51.82787-15/658641696_18415085926126051_985718702764947068_n.jpg?stp=dst-jpg_tt6&cstp=mx1440x915&ctp=p843x403&_nc_cat=105&ccb=1-7&_nc_sid=127cfc&_nc_ohc=SapVsT1EoIIQ7kNvwGaiJk5&_nc_oc=Adq37UTLmjut4VQmmMqMfdf-Qa6hNQLVN9DEy8DYYDMhAgcHFk38E-ZFgQljfCdMQ12-RSuWsyCszs-DpDfJAXTx&_nc_zt=23&_nc_ht=scontent-lax7-1.xx&_nc_gid=bj5KBVuXgEaZJeZXTOnEgg&_nc_ss=7d289&oh=00_AQDtnB1ge0iJM3hxxmexExjObCrM1I7fdWUS5fD-K6DqwA&oe=6A6D520A,,,,
Vieira's Gym,facebook,1558192906309174,https://www.facebook.com/100063554378306/posts/1558192906309174,2026-03-04T21:15:06.000Z,"Fui convidado pela Associação de Taekwondo da cidade de Maputo para partilhar um pouco da minha experiência sobre como criar,gerir um ginásio/ academia de forma a que esta seja um sucesso…21/02/2026 .Quero agradecer ao elenco da Adtcm em especial ao presidente @josedaconceicaotembe pelo convite e dar os parabéns a todos que participaram desta formação para instrutores e monitores de Taekwondo.",,"https://scontent-mia3-1.xx.fbcdn.net/v/t51.82787-15/645919393_18410926960126051_4639938383957226890_n.jpg?stp=dst-jpg_tt6&cstp=mx900x1200&ctp=s590x590&_nc_cat=106&ccb=1-7&_nc_sid=127cfc&_nc_ohc=fL4F6kYa4kUQ7kNvwHFCloU&_nc_oc=AdoFn1Ck0ABuyTeh5IjdUb2fhYqAK7b3n2F3G-3ojqNABDRrZRz9tzc4ZmZRB2Z8OWg&_nc_zt=23&_nc_ht=scontent-mia3-1.xx&_nc_gid=yhTSdy2nD-dCtkUeEX9U6A&_nc_ss=72289&oh=00_AQCqk1WAxDhk9ogoTQNBa2wjycylyLzFpiHMmPaKhFm_Rw&oe=6A6D5093, https://scontent-mia5-1.xx.fbcdn.net/v/t51.82787-15/645820903_18410926969126051_4741654546695815615_n.jpg?stp=dst-jpg_tt6&cstp=mx900x1200&ctp=s590x590&_nc_cat=102&ccb=1-7&_nc_sid=127cfc&_nc_ohc=dhQjtt6MERsQ7kNvwHX9ucz&_nc_oc=AdruORqu3E-vI7hpJqh3dlozwQ6jpL9xmyysqDzO8NuzRhvxmIgUrx2lWP_KpWVeHkw&_nc_zt=23&_nc_ht=scontent-mia5-1.xx&_nc_gid=yhTSdy2nD-dCtkUeEX9U6A&_nc_ss=72289&oh=00_AQCDEmUkwHXtVDyVxn2dCR7oSgNAXyvMCRbsGHng4wJfXQ&oe=6A6D5F27, https://scontent-mia3-3.xx.fbcdn.net/v/t51.82787-15/645841466_18410926999126051_1724056440867713859_n.jpg?stp=dst-jpg_tt6&cstp=mx1440x1920&ctp=s590x590&_nc_cat=110&ccb=1-7&_nc_sid=127cfc&_nc_ohc=jaddLLc_iwUQ7kNvwHvlPKC&_nc_oc=AdrNM4aRe3SnS1o_pLdeQuT2jnw0Jnj-h3IeD-742RjsfdBxu724NQ4wBZIhvfRPO4Q&_nc_zt=23&_nc_ht=scontent-mia3-3.xx&_nc_gid=yhTSdy2nD-dCtkUeEX9U6A&_nc_ss=72289&oh=00_AQDRpeFpHJDl-8S5yfVEhkrn19Fhhn6ArKEVfuL7uwpW9g&oe=6A6D36B1, https://scontent-mia3-3.xx.fbcdn.net/v/t51.82787-15/645818994_18410926990126051_4895275930548750721_n.jpg?stp=dst-jpg_tt6&cstp=mx1440x1920&ctp=s590x590&_nc_cat=110&ccb=1-7&_nc_sid=127cfc&_nc_ohc=T7lLm93tHDIQ7kNvwGmcxGd&_nc_oc=AdqBFoTkEh5O7xxe9Ji5rjMNzqh9RMgT8-Y8tJzWmqwroIViWsyBC71NeFWLwwSOicM&_nc_zt=23&_nc_ht=scontent-mia3-3.xx&_nc_gid=yhTSdy2nD-dCtkUeEX9U6A&_nc_ss=72289&oh=00_AQCUE3riwZg-kDd7CNS25r07MvR-8xgtnjLZS3ADAJKH2Q&oe=6A6D4380, https://scontent-mia3-1.xx.fbcdn.net/v/t51.82787-15/645936300_18410926978126051_912288643384656853_n.jpg?stp=dst-jpg_tt6&cstp=mx900x1200&ctp=s590x590&_nc_cat=106&ccb=1-7&_nc_sid=127cfc&_nc_ohc=g16xcSxnuvUQ7kNvwGjNAF8&_nc_oc=AdqedyL9l2puGL1hxr84EaTPHLeWW5mMgGZYViuoJu45jICkKOAqOeBuqBD1MPlVe_M&_nc_zt=23&_nc_ht=scontent-mia3-1.xx&_nc_gid=yhTSdy2nD-dCtkUeEX9U6A&_nc_ss=72289&oh=00_AQDMWso09DD5a1n8c4bQiZhoT6dFM5jbtS1Eo6CWj-5iVQ&oe=6A6D5922",,,,
Vieira's Gym,facebook,1516249020503563,https://www.facebook.com/100063554378306/posts/1516249020503563,2026-01-19T09:09:27.000Z,"‘’Fomos criados para avançar, crescer e subir de nível. A nossa natureza é de crescimento e isso implica esforço e trabalho duro…no final vale sempre a pena”.🥊🥋 @ayed.vilas @kaz.lukas @larson_sithoy @joaquim_nhanala @banze.btw",,https://scontent-mia3-1.xx.fbcdn.net/v/t51.82787-15/619839491_18402385222126051_928952427689340513_n.jpg?stp=dst-jpg_tt6&cstp=mx1440x1080&ctp=s720x720&_nc_cat=106&ccb=1-7&_nc_sid=127cfc&_nc_ohc=sadTdI8_MgkQ7kNvwHsfmEV&_nc_oc=AdpDZxR5ddDn6zz5i99he_kwvj2QEJ37ZBal_icL5Vqoe1jMGt5oc5lkgPOm6ByEEks&_nc_zt=23&_nc_ht=scontent-mia3-1.xx&_nc_gid=yhTSdy2nD-dCtkUeEX9U6A&_nc_ss=72289&oh=00_AQBMuCaG1CMrRu93gGXZdeybU_X34c904bnoFkX18XGJAQ&oe=6A6D5012,,,,
Vieira's Gym,facebook,1505341391594326,https://www.facebook.com/100063554378306/posts/1505341391594326,2026-01-06T11:49:07.000Z,“Cada desafio é uma oportunidade para crescer e se superar. Enfrentemos juntos com determinação”. #taekwondo #maputo #matola #martialarts #vieirasgym @ayed.vilas @derciodaude @kcorreia.vieira @davidandrade64,"taekwondo, maputo, matola, martialarts, vieirasgym",https://scontent-mia5-1.xx.fbcdn.net/v/t51.82787-15/611269913_18400914520126051_7353624116514207761_n.jpg?stp=dst-jpg_tt6&cstp=mx1440x754&ctp=s960x960&_nc_cat=101&ccb=1-7&_nc_sid=127cfc&_nc_ohc=g2Md0IjH4nEQ7kNvwHTbW2y&_nc_oc=Adok4i2NtvU8w-L4SDvtHt_FPrCtoNbv7JYsEDuadgWfhH5tX9skYfW9-i9M_7oNzjc&_nc_zt=23&_nc_ht=scontent-mia5-1.xx&_nc_gid=yhTSdy2nD-dCtkUeEX9U6A&_nc_ss=72289&oh=00_AQATLol8uodOU4LTsxdlxnHsxw72gc7zxmtDizB-ySPdaQ&oe=6A6D4F9C,,,,
Vieira's Gym,facebook,1499794242149041,https://www.facebook.com/100063554378306/posts/1499794242149041,2025-12-30T12:46:09.000Z,"“A dor do treino é temporária, mas a satisfação da conquista é para sempre”. Muitos parabéns pela nova etapa 🥋🥊🇲🇿… @djv.ofc @ivanchunguas #kickboxingmoz #wakomoçambique #vieirasgym #maputo #matola","kickboxingmoz, wakomoçambique, vieirasgym, maputo, matola",https://scontent-ord5-3.xx.fbcdn.net/v/t51.82787-15/608177711_18400030924126051_717605435805103536_n.jpg?stp=dst-jpg_tt6&cstp=mx1440x1636&ctp=s590x590&_nc_cat=107&ccb=1-7&_nc_sid=127cfc&_nc_ohc=YwxSv-ydUn0Q7kNvwEnki5G&_nc_oc=Adr36xSp7TA06tipRFI-D2MgYT609ZkvBNPCRUJr8sm0nyRM-AhKO9swhLQtkmCLmko&_nc_zt=23&_nc_ht=scontent-ord5-3.xx&_nc_gid=vxCeCKTIOX0S23Zh-QZB6Q&_nc_ss=72289&oh=00_AQAE4YYuAHHtcPBJL_X-mnltjMu5EWQx8qz6ReJpHaa9pg&oe=6A6D4718,,,,
Vieira's Gym,facebook,1495725489222583,https://www.facebook.com/100063554378306/posts/1495725489222583,2025-12-25T08:17:10.000Z,🚨Nb:O ginásio continua aberto para os alunos interessados em usar as salas de treino nos horários normais de funcionamento obrigado💪🥋🏋️🥊🤼‍♂️ #vieirasgym #ginasio #maputo #matola moçambique🇲🇿,"vieirasgym, ginasio, maputo, matola",https://scontent-ord5-2.xx.fbcdn.net/v/t51.82787-15/605788477_18399432469126051_1818456259148906563_n.jpg?stp=dst-jpg_tt6&cstp=mx1365x1820&ctp=p526x296&_nc_cat=110&ccb=1-7&_nc_sid=127cfc&_nc_ohc=xSaYA7QXfKgQ7kNvwGf6TyY&_nc_oc=AdqXpQzGk7viP8QPQbRehPzIuVg93jx8lPBTmE88EYrW4ByLqsRvMto4meDIF9loDz0&_nc_zt=23&_nc_ht=scontent-ord5-2.xx&_nc_gid=vxCeCKTIOX0S23Zh-QZB6Q&_nc_ss=72289&oh=00_AQAXPjDVUZCtfibQZMIVNGnbQMKhyn4T_rZpJIIo3uEHog&oe=6A6D5840,,,,
Vieira's Gym,facebook,1484696613658804,https://www.facebook.com/100063554378306/posts/1484696613658804,2025-12-12T12:31:41.000Z,#wakomoçambique #kickboxingmozambique🇲🇿,"wakomoçambique, kickboxingmozambique",https://scontent-ord5-2.xx.fbcdn.net/v/t51.82787-15/599906801_18397933633126051_4608931817862446032_n.jpg?stp=dst-jpg_tt6&cstp=mx1440x943&ctp=p180x540&_nc_cat=105&ccb=1-7&_nc_sid=127cfc&_nc_ohc=udHX6G9zz8gQ7kNvwEoH_Ij&_nc_oc=AdoDhxE181imx1YDtFRhDToAe9g8vLpKN0DVNvj0ppMM1h0Rwp7EuBFAbk5a7azzUHE&_nc_zt=23&_nc_ht=scontent-ord5-2.xx&_nc_gid=vxCeCKTIOX0S23Zh-QZB6Q&_nc_ss=72289&oh=00_AQC4UmIuJ6f7F6rlxHMJYY9fGrqW75JLyx1y1sy2aUYsqg&oe=6A6D5311,,,,
Vieira's Gym,facebook,1475542891240843,https://www.facebook.com/100063554378306/posts/1475542891240843,2025-12-02T08:00:40.000Z,@kaz.lukas @ayed.vilas @mr_chutumia @vieiras_gym @djv.ofc,,https://scontent-dfw5-1.xx.fbcdn.net/v/t51.82787-15/589107718_18396707023126051_1573673716240471718_n.jpg?stp=dst-jpg_tt6&cstp=mx1440x1080&ctp=s720x720&_nc_cat=105&ccb=1-7&_nc_sid=127cfc&_nc_ohc=iBx3p83dQKQQ7kNvwGmHTgt&_nc_oc=AdoBX-j5t7uDn86lFOq2EzLlMAqIMxcaS6l9OxGKsQKbK2ejr4ZFp1G4xYVszI49Kdo&_nc_zt=23&_nc_ht=scontent-dfw5-1.xx&_nc_gid=qCxeOM_8QfVClbaNuagAzQ&_nc_ss=72289&oh=00_AQAaqgY_W9tealxwHwHDR3-vbd9CtTcsMjl2ziDa5hGUdg&oe=6A6D3D9B,,,,[object Object]
Vieira's Gym,facebook,1456674449794354,https://www.facebook.com/100063554378306/posts/1456674449794354,2025-11-12T12:40:44.000Z,Nenhum objetivo é inalcançável quando trabalhamos em equipe e nos apoiamos mutuamente. @ayed.vilas @natalinotkd9 @derciodaude @joaojessen,,https://scontent-dfw6-2.xx.fbcdn.net/v/t51.82787-15/581970454_18393456136126051_3295925087447254493_n.jpg?stp=dst-jpg_tt6&cstp=mx1279x1366&ctp=p180x540&_nc_cat=109&ccb=1-7&_nc_sid=127cfc&_nc_ohc=XC5NsXb_FgcQ7kNvwFG4eVQ&_nc_oc=AdrUigVtU3VuR9N9O0jHXGtUtDer8z0FtVRjbfh2th3j-dSH_TZamL-I-voXhIwU_KM&_nc_zt=23&_nc_ht=scontent-dfw6-2.xx&_nc_gid=qCxeOM_8QfVClbaNuagAzQ&_nc_ss=72289&oh=00_AQCWyzGvfJhSXr44u7-bXUOS5qBiE1izPqDwluQj9GRGDQ&oe=6A6D3CF7,,,,[object Object]
Vieira's Gym,facebook,1433972595397873,https://www.facebook.com/100063554378306/posts/1433972595397873,2025-10-21T10:24:57.000Z,,,https://scontent-dfw6-1.xx.fbcdn.net/v/t51.82787-15/567264813_18389621803126051_8961864261518889606_n.jpg?stp=dst-jpg_tt6&cstp=mx1094x911&ctp=s600x600&_nc_cat=102&ccb=1-7&_nc_sid=127cfc&_nc_ohc=OduLGjFljXIQ7kNvwF-xYZD&_nc_oc=AdqKrDpuIKO2cDLtBNYYpsJAYpgQcmReVMOD1-AjkVqmFV6t5JVrbXKEAoejdjZyOuw&_nc_zt=23&_nc_ht=scontent-dfw6-1.xx&_nc_gid=qCxeOM_8QfVClbaNuagAzQ&_nc_ss=72289&oh=00_AQC1JnPIaTheXTSatnSR7HfNedA_sXjeMzqHfUMTq23Xkg&oe=6A6D4A8D,,,,
Vieira's Gym,facebook,1415420637253069,https://www.facebook.com/100063554378306/posts/1415420637253069,2025-10-04T10:02:57.000Z,Organização e arbitragem do campeonato de taekwondo 20.09.2025 @ayed.vilas @derciodaude @natalinotkd9 @kcorreia.vieira @joaojessen #gym #maputo #vieirasgym,"gym, maputo, vieirasgym",https://scontent-atl3-3.xx.fbcdn.net/v/t51.82787-15/559201838_18386495218126051_5507386497564803455_n.jpg?stp=dst-jpg_tt6&cstp=mx1440x1440&ctp=p526x296&_nc_cat=110&ccb=1-7&_nc_sid=127cfc&_nc_ohc=wdKdRUHOnGoQ7kNvwGZYqBU&_nc_oc=AdrUchkjpDo7iYNPQ40DgpF6cdr0jfjcZYCQse5Gp8lKpFNo_3RHyy24RibAllQO5xfqMphNTXVRtRAZZ2t9MIQO&_nc_zt=23&_nc_ht=scontent-atl3-3.xx&_nc_gid=5ZmRf0BgTE_DskKI_dj7aA&_nc_ss=72289&oh=00_AQBLU9vwkQb1VJPAwJK2ZkbzCJTNldPzoa-plDoaNYvX2g&oe=6A6D516F,,,,
Vieira's Gym,facebook,1413418920786574,https://www.facebook.com/100063554378306/posts/1413418920786574,2025-10-02T09:29:03.000Z,Campeonato de Taekwondo Técnica e Combate 20.09.2025 #taekwondo #maputo #vieirasgym #mocambique🇲🇿 @ayed.vilas @natalinotkd9 @derciodaude @kcorreia.vieira @joaojessen,"taekwondo, maputo, vieirasgym, mocambique","https://scontent-atl3-2.xx.fbcdn.net/v/t51.82787-15/557428677_18386178013126051_6696946722801537047_n.jpg?stp=dst-jpegr_tt6&cstp=mx1440x1440&ctp=s590x590&_nc_cat=101&ccb=1-7&_nc_sid=127cfc&_nc_ohc=4yrXHMPeBLUQ7kNvwEh5MIo&_nc_oc=Adof_iOCScl36D_pB3JUuOcsn5kweOnEBda1aE8oD3KH--wqDJt9qSfLycyH-m9HvsrY7Xz5XmeXrTrTCuO5ProK&_nc_zt=23&se=-1&_nc_ht=scontent-atl3-2.xx&_nc_gid=5ZmRf0BgTE_DskKI_dj7aA&_nc_ss=72289&oh=00_AQBxHxKdL2YaTTaQGzG289uHDmuI35GTqz07Ox5rfK3XdA&oe=6A6D3BBC, https://scontent-atl3-2.xx.fbcdn.net/v/t51.82787-15/558011932_18386178028126051_7252434226060350150_n.jpg?stp=dst-jpegr_tt6&cstp=mx1440x1440&ctp=s590x590&_nc_cat=102&ccb=1-7&_nc_sid=127cfc&_nc_ohc=aRIeg-yDxvoQ7kNvwG-d_6m&_nc_oc=AdqOU2Lgj1eQqRQ8viwedSwUbQCxroyYUC2wg3j8sICFJoLdd7TaP7kxKhSk9ggryUMH-LmY8MO_uO3qIRWOc4DO&_nc_zt=23&se=-1&_nc_ht=scontent-atl3-2.xx&_nc_gid=5ZmRf0BgTE_DskKI_dj7aA&_nc_ss=72289&oh=00_AQDgJxeXb0WruYOYzFkedeLRptrCEp1XJ25-AQt83BO1Mg&oe=6A6D4AAF, https://scontent-atl3-2.xx.fbcdn.net/v/t51.82787-15/557360437_18386178040126051_2099777730286187565_n.jpg?stp=dst-jpegr_tt6&cstp=mx1440x1440&ctp=s590x590&_nc_cat=101&ccb=1-7&_nc_sid=127cfc&_nc_ohc=PjAhHzW-eHkQ7kNvwGpAQKo&_nc_oc=Adr4NbHf0wQyHLnnTkpbvKjXtHROzMDe6sJIBUhySBQqz9IhsNAi6YsCknH2C2Q4pJxDzNi-F7LuGL-klD5UjuY9&_nc_zt=23&se=-1&_nc_ht=scontent-atl3-2.xx&_nc_gid=5ZmRf0BgTE_DskKI_dj7aA&_nc_ss=72289&oh=00_AQApiWPNHfg33kSo9HKnlv9RvlUkswf-7OvM3YR82AhPmw&oe=6A6D364E, https://scontent-atl3-3.xx.fbcdn.net/v/t51.82787-15/559666227_18386178049126051_1346711057035483224_n.jpg?stp=dst-jpegr_tt6&cstp=mx1440x1440&ctp=s590x590&_nc_cat=111&ccb=1-7&_nc_sid=127cfc&_nc_ohc=rpktDtEIjcEQ7kNvwHBvYPk&_nc_oc=AdoutwsnIBz5ckzbm0Z-npMDIujXda0ceR6lCakpq_0cmc7Yr5Des5I3J6kuOYLw1_d6hEpVCzbanFr6WExilaDl&_nc_zt=23&se=-1&_nc_ht=scontent-atl3-3.xx&_nc_gid=5ZmRf0BgTE_DskKI_dj7aA&_nc_ss=72289&oh=00_AQDS7Wf-KhfO5i_ak3RCSVYZsywbgW_EJJICq0QijKl8Og&oe=6A6D4EFC, https://scontent-atl3-1.xx.fbcdn.net/v/t51.82787-15/558452602_18386178064126051_2747747443831867163_n.jpg?stp=dst-jpegr_tt6&cstp=mx1440x1440&ctp=s590x590&_nc_cat=106&ccb=1-7&_nc_sid=127cfc&_nc_ohc=3N9mWpkRm9YQ7kNvwHVvkdr&_nc_oc=Adq4qsE1BRuoXjBg5MdiVYODxwQPUgyahhWaN2l4nrSnmIRKSG8Zs-lw2AX1MYD9RWx5BQgUmW847f18HUV5rtc0&_nc_zt=23&se=-1&_nc_ht=scontent-atl3-1.xx&_nc_gid=5ZmRf0BgTE_DskKI_dj7aA&_nc_ss=72289&oh=00_AQBWKx37hiEzTnnsbVT7deNdJC7DHNSrQo-6MOynTwbHow&oe=6A6D4997",,,,
Vieira's Gym,facebook,1403436011784865,https://www.facebook.com/100063554378306/posts/1403436011784865,2025-09-22T10:04:03.000Z,O nosso muito obrigado a Equipe de arbitragem/ Organização do campeonato De kickboxing L.C. #wakomoçambique #kickboxing #vieirasgym #maputo @kaz.lukas @ayed.vilas @ivanchunguas @kcorreia.vieira,"wakomoçambique, kickboxing, vieirasgym, maputo",https://scontent-atl3-2.xx.fbcdn.net/v/t51.82787-15/551981828_18384676420126051_3295109863735284680_n.jpg?stp=dst-jpg_tt6&cstp=mx1440x1115&ctp=p180x540&_nc_cat=104&ccb=1-7&_nc_sid=127cfc&_nc_ohc=3ADUJbDqLUMQ7kNvwEnTP3-&_nc_oc=AdonySU7jBN4stP1C5VGNgvGsbiyODQgYAJJjrbMHXZqaKrJMcqR23tD4JoWYTCZyF68q3V2xGt7wbxnJttQHxlH&_nc_zt=23&_nc_ht=scontent-atl3-2.xx&_nc_gid=5ZmRf0BgTE_DskKI_dj7aA&_nc_ss=72289&oh=00_AQCAZjTjmDpvMgi2unMp7caUgc3z_reitUdoTw7u0rjtGw&oe=6A6D562C,,,,
Vieira's Gym,facebook,1397581622370304,https://www.facebook.com/100063554378306/posts/1397581622370304,2025-09-16T08:41:32.000Z,"Parabéns a *todos os intervenientes* neste campeonato de kickboxing!🥊🇲🇿
Organizadores, atletas, treinadores, e público — todos deram o seu melhor e mostraram que, quando trabalhamos juntos, *ninguém perde, todos ganham.* 🙌
Foi bonito de ver o espírito desportivo, a entrega, a evolução dos atletas e, acima de tudo, o respeito dentro e fora do tatame. Cada combate foi uma aula de superação!
Quero deixar um destaque especial para a *nova escola do Tsalala(Matola)*, que mostrou que está a crescer com força, foco e talento. 👏 O futuro promete — e muito!
A caminhada continua. A frente é o caminho.
*Vamos juntos, passo a passo, levantar ainda mais o nome do kickboxing!*
*Força a todos e até o próximo Campeonato!* 💪🔥🥊🇲🇿 @kaz.lukas",,"https://scontent-lga3-3.xx.fbcdn.net/v/t51.82787-15/549127494_18383848669126051_8382251072684987345_n.jpg?stp=dst-jpg_tt6&cstp=mx845x446&ctp=s590x590&_nc_cat=108&ccb=1-7&_nc_sid=127cfc&_nc_ohc=gm5P8tp7S7kQ7kNvwHpK95_&_nc_oc=AdpPYBAnFw56av7KRMOEpdCsyEv7OLNC1x0vrT_7Tw6WZ6kPqVAWsLRiwVxSEZoJskTDFP867H-xNsu4zN5KMoZ9&_nc_zt=23&_nc_ht=scontent-lga3-3.xx&_nc_gid=nZZgbuN4vkfLdayfZilcQw&_nc_ss=72289&oh=00_AQDMsWwcUCwI6G-nHvRq7akfvdsV1bntEsxcoYOjVHdW4w&oe=6A6D3C0E, https://scontent-lga3-1.xx.fbcdn.net/v/t51.82787-15/549288636_18383848684126051_9117256454105390060_n.jpg?stp=dst-jpegr_tt6&cstp=mx1440x1920&ctp=s590x590&_nc_cat=110&ccb=1-7&_nc_sid=127cfc&_nc_ohc=zmlnYPDWs2EQ7kNvwHlDkez&_nc_oc=AdoZjoPIA-jYQrzlsa1rGcx4f_n3prN30tsReczlA3wDSZqhWGx0vFSlzadnf-a6Wju64imv8dG9k0mbW2bxnBaN&_nc_zt=23&se=-1&_nc_ht=scontent-lga3-1.xx&_nc_gid=nZZgbuN4vkfLdayfZilcQw&_nc_ss=72289&oh=00_AQBh9mH5dFnQD4IJvNx4XPikySMCMoNj27J5Fn4lLV01RQ&oe=6A6D50AD, https://scontent-lga3-2.xx.fbcdn.net/v/t51.82787-15/549209929_18383848711126051_3731486930098471608_n.jpg?stp=dst-jpegr_tt6&cstp=mx1440x1920&ctp=s590x590&_nc_cat=107&ccb=1-7&_nc_sid=127cfc&_nc_ohc=Du06N-WudlkQ7kNvwHfI3ES&_nc_oc=AdocJ1Q-2tUzbsCcb6twpsotreQqRNsRa_J3CT3WLDn9uUDbjzDN6TCFEDvBdyVlCx4iuslropJr4FoD772K73Z2&_nc_zt=23&se=-1&_nc_ht=scontent-lga3-2.xx&_nc_gid=nZZgbuN4vkfLdayfZilcQw&_nc_ss=72289&oh=00_AQAzFmgKCMiqqUgXzAXFqbNf-XXqN0u2XOm-uQpK6dO0Lw&oe=6A6D310C, https://scontent-lga3-2.xx.fbcdn.net/v/t51.82787-15/548952969_18383848693126051_5963499226889321092_n.jpg?stp=dst-jpegr_tt6&cstp=mx1440x1920&ctp=s590x590&_nc_cat=101&ccb=1-7&_nc_sid=127cfc&_nc_ohc=ZSxgSxcRaacQ7kNvwFSCc2L&_nc_oc=AdrmseHz7kOEseb404T_SpawZ3QrZ7HN2M-gyV3X3ciP1b_6qNgyLn78tYYEyfnET48HWga-yoX2r4oYjV4qqEBu&_nc_zt=23&se=-1&_nc_ht=scontent-lga3-2.xx&_nc_gid=nZZgbuN4vkfLdayfZilcQw&_nc_ss=72289&oh=00_AQCwoPPhN9fuDW_J8q5KNko3is7V1tv3r0sWeAH31WLQhQ&oe=6A6D5098, https://scontent-lga3-2.xx.fbcdn.net/v/t51.82787-15/548841759_18383848702126051_752165649187128659_n.jpg?stp=dst-jpegr_tt6&cstp=mx1440x1920&ctp=s590x590&_nc_cat=107&ccb=1-7&_nc_sid=127cfc&_nc_ohc=HrnbAGTSeK4Q7kNvwFa4qRT&_nc_oc=Adrfa3stKSsG5KF2vkT6saz_hOqTa3bInGbYzmFrwL9b31HNwaOIGMoRuCCh6nT4RKZ66lJsCamxXPcCrWC1uSdj&_nc_zt=23&se=-1&_nc_ht=scontent-lga3-2.xx&_nc_gid=nZZgbuN4vkfLdayfZilcQw&_nc_ss=72289&oh=00_AQCNIsBAApeL8XR794ymUM5xumzBMNpgC1CrEA9ZVWrbfA&oe=6A6D4B7F",,,,
Vieira's Gym,facebook,1348222807306186,https://www.facebook.com/100063554378306/posts/1348222807306186,2025-07-26T07:48:23.000Z,Seminário de Taekwondo 19.07.2025,,"https://scontent-lga3-1.xx.fbcdn.net/v/t51.82787-10/523169179_18377356312126051_8580327048910264124_n.jpg?stp=dst-jpg_tt6&cstp=mx720x405&ctp=s590x590&_nc_cat=109&ccb=1-7&_nc_sid=5fad0e&_nc_ohc=IponNX4ZNxgQ7kNvwEM7nnF&_nc_oc=AdqqKKOm0hbU4zXjPn3UyvJNOZ55QNDnP9Feumy-YbXzwjpf0h8qxEQg5qsOOH2TWYGfpFNIFQMkNBcZ4BCfjN6H&_nc_zt=23&_nc_ht=scontent-lga3-1.xx&_nc_gid=nZZgbuN4vkfLdayfZilcQw&_nc_ss=72289&oh=00_AQDEPr3hF0kOTC6QsKLsVn_xleLhk9Vk8uvvE2lGyuzsMw&oe=6A6D56F2, https://scontent-lga3-2.xx.fbcdn.net/v/t51.82787-10/521567184_18377356321126051_6176299110192822271_n.jpg?stp=dst-jpg_tt6&cstp=mx720x405&ctp=s590x590&_nc_cat=107&ccb=1-7&_nc_sid=5fad0e&_nc_ohc=hkmUxho_ulYQ7kNvwHI8PgE&_nc_oc=AdqxdIf_UXGKarfDR22gfBLkvxtLGMJPwIbo0iT-af4SoXU-W73WpTkXFsUAvPG4By7LMKszlkiiTJg71QU-laeA&_nc_zt=23&_nc_ht=scontent-lga3-2.xx&_nc_gid=nZZgbuN4vkfLdayfZilcQw&_nc_ss=72289&oh=00_AQA9MkIpWlVaiyOLEPNU8wBhI5LF8I6XHsamnWe--hm2NQ&oe=6A6D4502",,,,
Vieira's Gym,facebook,1342893404505793,https://www.facebook.com/100063554378306/posts/1342893404505793,2025-07-20T17:48:30.000Z,🥋Se conseguirmos unir a nossa família pelo espírito nada é impossível de alcançar…Muito obrigado a todos 🤲 #taekwondofamily #taekwondomarcial #matola #maputo #mozambique #mocambique #artesmarciais #martialarts #thankyou #muitoobrigado #mozambique🇲🇿,"taekwondofamily, taekwondomarcial, matola, maputo, mozambique, mocambique, artesmarciais, martialarts, thankyou, muitoobrigado",https://scontent-lga3-1.xx.fbcdn.net/v/t51.82787-15/520944653_18376675552126051_7760101846959529826_n.jpg?stp=dst-jpegr_tt6&cstp=mx1440x1796&ctp=s640x640&_nc_cat=103&ccb=1-7&_nc_sid=127cfc&_nc_ohc=Ourx0AQgBP4Q7kNvwGtx5S_&_nc_oc=AdoyXOh0jU98jBoqpDH7yTjajbRDtWEDGSYWYx3uDfuY3rLJ4bj5l5DKiMgWjqqxjnf1sfq4mw8mp_Qk4vJh-tHN&_nc_zt=23&se=-1&_nc_ht=scontent-lga3-1.xx&_nc_gid=nZZgbuN4vkfLdayfZilcQw&_nc_ss=72289&oh=00_AQB-bdJxcfDGrNSH2Ql9CDHxTw8y52VFhBxxz2RF_tDsew&oe=6A6D34CD,,,,
Vieira's Gym,facebook,1338134991648301,https://www.facebook.com/100063554378306/posts/1338134991648301,2025-07-15T12:39:14.000Z,"Transforme o seu corpo,sua vida a cada treino!!!💪 #Gym #Ginasioemmaputo #maputocity #transformaçãocorporal #maputomozambique @ayed.vilas @kcorreia.vieira","gym, ginasioemmaputo, maputocity, transformaçãocorporal, maputomozambique, Gym, Ginasioemmaputo",https://scontent.fhnl3-2.fna.fbcdn.net/v/t51.82787-15/518221482_18376031005126051_6481820276819439999_n.jpg?stp=dst-jpg_tt6&cstp=mx847x1059&ctp=s640x640&_nc_cat=108&_nc_map=urlgen_bucketless&ccb=1-7&_nc_sid=127cfc&_nc_ohc=bcqehZWyA4EQ7kNvwFRsARj&_nc_oc=AdoQvXJSLzoh8rP-XktWKo1qOHO9nXsC1wkHnq1bVAQ_7VK5-lc0qDBQyToBvVKRCPA&_nc_zt=23&_nc_ht=scontent.fhnl3-2.fna&_nc_gid=agWlpEuYvr5u_zwXaMOYAg&_nc_ss=7c289&oh=00_AQBW5L-eMxqKgjhtMu55AEeJDUbSATK2nBmcgaqu7pTzvw&oe=6A6D568B,,,,
Vieira's Gym,facebook,1330364715758662,https://www.facebook.com/100063554378306/posts/1330364715758662,2025-07-06T15:39:31.000Z,Organização é a chave para a liberdade. Liberte-se da desordem e conquiste seus objetivos com mais clareza e eficiência.” #kickboxing #wakomoçambique #mozkickboxing #mozambique🇲🇿 #kickboxingmoz,"kickboxing, wakomoçambique, mozkickboxing, mozambique, kickboxingmoz",https://scontent.fhnl3-1.fna.fbcdn.net/v/t51.82787-15/505754393_18374951650126051_1226770732563580589_n.jpg?stp=dst-jpg_tt6&cstp=mx1440x1219&ctp=s590x590&_nc_cat=101&_nc_map=urlgen_bucketless&ccb=1-7&_nc_sid=127cfc&_nc_ohc=hKzH2SzHJX4Q7kNvwH0owpQ&_nc_oc=AdoEMTfxCB_0323r-Av9gfoz7XNPDOhroI5YMTGOmea2ggWsQ9MNEnoKX1D8qewJhyc&_nc_zt=23&_nc_ht=scontent.fhnl3-1.fna&_nc_gid=agWlpEuYvr5u_zwXaMOYAg&_nc_ss=7c289&oh=00_AQBsiti0czmHI0qyKoCJckzPlCroKV9ecc1U7nW73Vzn5w&oe=6A6D37B0,,,,
Vieira's Gym,facebook,1610565591071905,https://www.facebook.com/100063554378306/posts/1610565591071905,2026-04-30T20:25:06.000Z,"Competir é mais do que apenas ganhar, é sobre se desafiar e crescer. 11.04.2026 #wakomocambique #kickboxing #combatsport #maputo #matola @kaz.lukas @mr_chutumia @ayed.vilas @ivanchunguas @kcorreia.vieira @banze.btw @nayltonchilundo @shaylalwmonteiro","wakomocambique, kickboxing, combatsport, maputo, matola","https://scontent-lax3-2.xx.fbcdn.net/v/t51.82787-15/681728933_18420421645126051_8904008458822824364_n.jpg?stp=dst-jpg_tt6&cstp=mx837x438&ctp=s590x590&_nc_cat=107&ccb=1-7&_nc_sid=127cfc&_nc_ohc=lr9Y6k8qL_IQ7kNvwEhJVht&_nc_oc=Adr0dRCpjq3sV1nJBJ78lwply5By8LsaT76agJFDKduvVA9SBxUitwwhfP29Dqmr4Uv9eMtLF0ke3eS9IqtbBgGs&_nc_zt=23&_nc_ht=scontent-lax3-2.xx&_nc_gid=bj5KBVuXgEaZJeZXTOnEgg&_nc_ss=7d289&oh=00_AQDP72QNj6XxxVhqxQCm_xX-mxRbk1pmMTBS8yiHhSCvEQ&oe=6A6D577B, https://scontent-lax3-2.xx.fbcdn.net/v/t51.82787-15/681550343_18420421663126051_5008527465380814954_n.jpg?stp=dst-jpegr_tt6&cstp=mx1440x1080&ctp=s590x590&_nc_cat=106&ccb=1-7&_nc_sid=127cfc&_nc_ohc=TtskTMNwbNwQ7kNvwFOBNi2&_nc_oc=AdoKo4kmix_Ku3ahvmf5w8kiXtCXL4Sk0bbhLjQj6U6IAop8bWMkG5_ijYlKDQEgKJi-ytFecefyWh4fWoRL3g8C&_nc_zt=23&se=-1&_nc_ht=scontent-lax3-2.xx&_nc_gid=bj5KBVuXgEaZJeZXTOnEgg&_nc_ss=7d289&oh=00_AQCpkPl7mA7_dlypUHqtQ8L4LtrovCOs3lgv1LpXJQjK6g&oe=6A6D5FAF, https://scontent-lax3-2.xx.fbcdn.net/v/t51.82787-15/683391453_18420421654126051_7080433992357847253_n.jpg?stp=dst-jpg_tt6&cstp=mx960x720&ctp=s590x590&_nc_cat=103&ccb=1-7&_nc_sid=127cfc&_nc_ohc=K7J0ZKfEez4Q7kNvwE5VogN&_nc_oc=Adr_bKkhlGWfaw6PxQMF4EFjJ4TnEzU-kX7fcB5hkPOP1GaD3N49-kEjKyFJqaNDWhDYnZdx20siG5rVrihurE0o&_nc_zt=23&_nc_ht=scontent-lax3-2.xx&_nc_gid=bj5KBVuXgEaZJeZXTOnEgg&_nc_ss=7d289&oh=00_AQB2w2fskVaPSjST_qHJn9Lqi9TAcmlpN-pcNdC3QApHTA&oe=6A6D5C12",12,1,0,
Vieira's Gym,facebook,1599842792144185,https://www.facebook.com/100063554378306/posts/1599842792144185,2026-04-20T09:40:00.000Z,"O alongamento 🙆‍♂️antes da musculação 🏋️tem como principal objetivo preparar o corpo para o esforço físico💪, aumentando a flexibilidade e a amplitude de movimento. Quer treinar com bom acompanhamento?Junta-te a nós”. WhatsApp: +258828436590 #maputo #matola #treinos #motivação #vidasaudavel","maputo, matola, treinos, motivação, vidasaudavel",https://scontent-lax3-1.xx.fbcdn.net/v/t51.82787-15/673117808_18418805983126051_5946968778361961305_n.jpg?stp=dst-jpegr_tt6&cstp=mx1440x1920&ctp=p526x296&_nc_cat=102&ccb=1-7&_nc_sid=127cfc&_nc_ohc=S3KIyPD1C2oQ7kNvwHVnMWY&_nc_oc=AdobzepjI8W9ZoOxU1WrokvbkBHiHMGTIttR_W19m1net1lzravyWu-INsfVXsaaKvCvkJuKCihh1cKThzv7racd&_nc_zt=23&se=-1&_nc_ht=scontent-lax3-1.xx&_nc_gid=bj5KBVuXgEaZJeZXTOnEgg&_nc_ss=7d289&oh=00_AQBU8xEv5z7Uk29JTNSsou_3slhZhct7UvlN3pz65GU8xA&oe=6A6D3962,3,0,0,
Vieira's Gym,facebook,1578717564256708,https://www.facebook.com/100063554378306/posts/1578717564256708,2026-03-27T11:12:00.000Z,"A persistência é o caminho do êxito e a motivação transforma decisões em realidade. 👌Não espere sorte, crie-a com acções constantes, pois o esforço de hoje é o orgulho de amanhã.💪 @kaz.lukas @ayed.vilas @domingas_lm @leidafumo @_alvaro_diogo @nayltonchilundo #kickboxing #wakomoçambique #maputo #matola","kickboxing, wakomoçambique, maputo, matola",https://scontent-lax7-1.xx.fbcdn.net/v/t51.82787-15/658641696_18415085926126051_985718702764947068_n.jpg?stp=dst-jpg_tt6&cstp=mx1440x915&ctp=p843x403&_nc_cat=105&ccb=1-7&_nc_sid=127cfc&_nc_ohc=SapVsT1EoIIQ7kNvwGaiJk5&_nc_oc=Adq37UTLmjut4VQmmMqMfdf-Qa6hNQLVN9DEy8DYYDMhAgcHFk38E-ZFgQljfCdMQ12-RSuWsyCszs-DpDfJAXTx&_nc_zt=23&_nc_ht=scontent-lax7-1.xx&_nc_gid=bj5KBVuXgEaZJeZXTOnEgg&_nc_ss=7d289&oh=00_AQDtnB1ge0iJM3hxxmexExjObCrM1I7fdWUS5fD-K6DqwA&oe=6A6D520A,3,0,0,
Vieira's Gym,facebook,1558192906309174,https://www.facebook.com/100063554378306/posts/1558192906309174,2026-03-04T21:15:06.000Z,"Fui convidado pela Associação de Taekwondo da cidade de Maputo para partilhar um pouco da minha experiência sobre como criar,gerir um ginásio/ academia de forma a que esta seja um sucesso…21/02/2026 .Quero agradecer ao elenco da Adtcm em especial ao presidente @josedaconceicaotembe pelo convite e dar os parabéns a todos que participaram desta formação para instrutores e monitores de Taekwondo.",,"https://scontent-mia3-1.xx.fbcdn.net/v/t51.82787-15/645919393_18410926960126051_4639938383957226890_n.jpg?stp=dst-jpg_tt6&cstp=mx900x1200&ctp=s590x590&_nc_cat=106&ccb=1-7&_nc_sid=127cfc&_nc_ohc=fL4F6kYa4kUQ7kNvwHFCloU&_nc_oc=AdoFn1Ck0ABuyTeh5IjdUb2fhYqAK7b3n2F3G-3ojqNABDRrZRz9tzc4ZmZRB2Z8OWg&_nc_zt=23&_nc_ht=scontent-mia3-1.xx&_nc_gid=yhTSdy2nD-dCtkUeEX9U6A&_nc_ss=72289&oh=00_AQCqk1WAxDhk9ogoTQNBa2wjycylyLzFpiHMmPaKhFm_Rw&oe=6A6D5093, https://scontent-mia5-1.xx.fbcdn.net/v/t51.82787-15/645820903_18410926969126051_4741654546695815615_n.jpg?stp=dst-jpg_tt6&cstp=mx900x1200&ctp=s590x590&_nc_cat=102&ccb=1-7&_nc_sid=127cfc&_nc_ohc=dhQjtt6MERsQ7kNvwHX9ucz&_nc_oc=AdruORqu3E-vI7hpJqh3dlozwQ6jpL9xmyysqDzO8NuzRhvxmIgUrx2lWP_KpWVeHkw&_nc_zt=23&_nc_ht=scontent-mia5-1.xx&_nc_gid=yhTSdy2nD-dCtkUeEX9U6A&_nc_ss=72289&oh=00_AQCDEmUkwHXtVDyVxn2dCR7oSgNAXyvMCRbsGHng4wJfXQ&oe=6A6D5F27, https://scontent-mia3-3.xx.fbcdn.net/v/t51.82787-15/645841466_18410926999126051_1724056440867713859_n.jpg?stp=dst-jpg_tt6&cstp=mx1440x1920&ctp=s590x590&_nc_cat=110&ccb=1-7&_nc_sid=127cfc&_nc_ohc=jaddLLc_iwUQ7kNvwHvlPKC&_nc_oc=AdrNM4aRe3SnS1o_pLdeQuT2jnw0Jnj-h3IeD-742RjsfdBxu724NQ4wBZIhvfRPO4Q&_nc_zt=23&_nc_ht=scontent-mia3-3.xx&_nc_gid=yhTSdy2nD-dCtkUeEX9U6A&_nc_ss=72289&oh=00_AQDRpeFpHJDl-8S5yfVEhkrn19Fhhn6ArKEVfuL7uwpW9g&oe=6A6D36B1, https://scontent-mia3-3.xx.fbcdn.net/v/t51.82787-15/645818994_18410926990126051_4895275930548750721_n.jpg?stp=dst-jpg_tt6&cstp=mx1440x1920&ctp=s590x590&_nc_cat=110&ccb=1-7&_nc_sid=127cfc&_nc_ohc=T7lLm93tHDIQ7kNvwGmcxGd&_nc_oc=AdqBFoTkEh5O7xxe9Ji5rjMNzqh9RMgT8-Y8tJzWmqwroIViWsyBC71NeFWLwwSOicM&_nc_zt=23&_nc_ht=scontent-mia3-3.xx&_nc_gid=yhTSdy2nD-dCtkUeEX9U6A&_nc_ss=72289&oh=00_AQCUE3riwZg-kDd7CNS25r07MvR-8xgtnjLZS3ADAJKH2Q&oe=6A6D4380, https://scontent-mia3-1.xx.fbcdn.net/v/t51.82787-15/645936300_18410926978126051_912288643384656853_n.jpg?stp=dst-jpg_tt6&cstp=mx900x1200&ctp=s590x590&_nc_cat=106&ccb=1-7&_nc_sid=127cfc&_nc_ohc=g16xcSxnuvUQ7kNvwGjNAF8&_nc_oc=AdqedyL9l2puGL1hxr84EaTPHLeWW5mMgGZYViuoJu45jICkKOAqOeBuqBD1MPlVe_M&_nc_zt=23&_nc_ht=scontent-mia3-1.xx&_nc_gid=yhTSdy2nD-dCtkUeEX9U6A&_nc_ss=72289&oh=00_AQDMWso09DD5a1n8c4bQiZhoT6dFM5jbtS1Eo6CWj-5iVQ&oe=6A6D5922",11,0,0,
Vieira's Gym,facebook,1516249020503563,https://www.facebook.com/100063554378306/posts/1516249020503563,2026-01-19T09:09:27.000Z,"‘’Fomos criados para avançar, crescer e subir de nível. A nossa natureza é de crescimento e isso implica esforço e trabalho duro…no final vale sempre a pena”.🥊🥋 @ayed.vilas @kaz.lukas @larson_sithoy @joaquim_nhanala @banze.btw",,https://scontent-mia3-1.xx.fbcdn.net/v/t51.82787-15/619839491_18402385222126051_928952427689340513_n.jpg?stp=dst-jpg_tt6&cstp=mx1440x1080&ctp=s720x720&_nc_cat=106&ccb=1-7&_nc_sid=127cfc&_nc_ohc=sadTdI8_MgkQ7kNvwHsfmEV&_nc_oc=AdpDZxR5ddDn6zz5i99he_kwvj2QEJ37ZBal_icL5Vqoe1jMGt5oc5lkgPOm6ByEEks&_nc_zt=23&_nc_ht=scontent-mia3-1.xx&_nc_gid=yhTSdy2nD-dCtkUeEX9U6A&_nc_ss=72289&oh=00_AQBMuCaG1CMrRu93gGXZdeybU_X34c904bnoFkX18XGJAQ&oe=6A6D5012,4,0,1,
Vieira's Gym,facebook,1505341391594326,https://www.facebook.com/100063554378306/posts/1505341391594326,2026-01-06T11:49:07.000Z,“Cada desafio é uma oportunidade para crescer e se superar. Enfrentemos juntos com determinação”. #taekwondo #maputo #matola #martialarts #vieirasgym @ayed.vilas @derciodaude @kcorreia.vieira @davidandrade64,"taekwondo, maputo, matola, martialarts, vieirasgym",https://scontent-mia5-1.xx.fbcdn.net/v/t51.82787-15/611269913_18400914520126051_7353624116514207761_n.jpg?stp=dst-jpg_tt6&cstp=mx1440x754&ctp=s960x960&_nc_cat=101&ccb=1-7&_nc_sid=127cfc&_nc_ohc=g2Md0IjH4nEQ7kNvwHTbW2y&_nc_oc=Adok4i2NtvU8w-L4SDvtHt_FPrCtoNbv7JYsEDuadgWfhH5tX9skYfW9-i9M_7oNzjc&_nc_zt=23&_nc_ht=scontent-mia5-1.xx&_nc_gid=yhTSdy2nD-dCtkUeEX9U6A&_nc_ss=72289&oh=00_AQATLol8uodOU4LTsxdlxnHsxw72gc7zxmtDizB-ySPdaQ&oe=6A6D4F9C,0,0,0,
Vieira's Gym,facebook,1499794242149041,https://www.facebook.com/100063554378306/posts/1499794242149041,2025-12-30T12:46:09.000Z,"“A dor do treino é temporária, mas a satisfação da conquista é para sempre”. Muitos parabéns pela nova etapa 🥋🥊🇲🇿… @djv.ofc @ivanchunguas #kickboxingmoz #wakomoçambique #vieirasgym #maputo #matola","kickboxingmoz, wakomoçambique, vieirasgym, maputo, matola",https://scontent-ord5-3.xx.fbcdn.net/v/t51.82787-15/608177711_18400030924126051_717605435805103536_n.jpg?stp=dst-jpg_tt6&cstp=mx1440x1636&ctp=s590x590&_nc_cat=107&ccb=1-7&_nc_sid=127cfc&_nc_ohc=YwxSv-ydUn0Q7kNvwEnki5G&_nc_oc=Adr36xSp7TA06tipRFI-D2MgYT609ZkvBNPCRUJr8sm0nyRM-AhKO9swhLQtkmCLmko&_nc_zt=23&_nc_ht=scontent-ord5-3.xx&_nc_gid=vxCeCKTIOX0S23Zh-QZB6Q&_nc_ss=72289&oh=00_AQAE4YYuAHHtcPBJL_X-mnltjMu5EWQx8qz6ReJpHaa9pg&oe=6A6D4718,5,0,0,
Vieira's Gym,facebook,1495725489222583,https://www.facebook.com/100063554378306/posts/1495725489222583,2025-12-25T08:17:10.000Z,🚨Nb:O ginásio continua aberto para os alunos interessados em usar as salas de treino nos horários normais de funcionamento obrigado💪🥋🏋️🥊🤼‍♂️ #vieirasgym #ginasio #maputo #matola moçambique🇲🇿,"vieirasgym, ginasio, maputo, matola",https://scontent-ord5-2.xx.fbcdn.net/v/t51.82787-15/605788477_18399432469126051_1818456259148906563_n.jpg?stp=dst-jpg_tt6&cstp=mx1365x1820&ctp=p526x296&_nc_cat=110&ccb=1-7&_nc_sid=127cfc&_nc_ohc=xSaYA7QXfKgQ7kNvwGf6TyY&_nc_oc=AdqXpQzGk7viP8QPQbRehPzIuVg93jx8lPBTmE88EYrW4ByLqsRvMto4meDIF9loDz0&_nc_zt=23&_nc_ht=scontent-ord5-2.xx&_nc_gid=vxCeCKTIOX0S23Zh-QZB6Q&_nc_ss=72289&oh=00_AQAXPjDVUZCtfibQZMIVNGnbQMKhyn4T_rZpJIIo3uEHog&oe=6A6D5840,2,0,0,
Vieira's Gym,facebook,1484696613658804,https://www.facebook.com/100063554378306/posts/1484696613658804,2025-12-12T12:31:41.000Z,#wakomoçambique #kickboxingmozambique🇲🇿,"wakomoçambique, kickboxingmozambique",https://scontent-ord5-2.xx.fbcdn.net/v/t51.82787-15/599906801_18397933633126051_4608931817862446032_n.jpg?stp=dst-jpg_tt6&cstp=mx1440x943&ctp=p180x540&_nc_cat=105&ccb=1-7&_nc_sid=127cfc&_nc_ohc=udHX6G9zz8gQ7kNvwEoH_Ij&_nc_oc=AdoDhxE181imx1YDtFRhDToAe9g8vLpKN0DVNvj0ppMM1h0Rwp7EuBFAbk5a7azzUHE&_nc_zt=23&_nc_ht=scontent-ord5-2.xx&_nc_gid=vxCeCKTIOX0S23Zh-QZB6Q&_nc_ss=72289&oh=00_AQC4UmIuJ6f7F6rlxHMJYY9fGrqW75JLyx1y1sy2aUYsqg&oe=6A6D5311,4,0,1,
Vieira's Gym,facebook,1475542891240843,https://www.facebook.com/100063554378306/posts/1475542891240843,2025-12-02T08:00:40.000Z,@kaz.lukas @ayed.vilas @mr_chutumia @vieiras_gym @djv.ofc,,https://scontent-dfw5-1.xx.fbcdn.net/v/t51.82787-15/589107718_18396707023126051_1573673716240471718_n.jpg?stp=dst-jpg_tt6&cstp=mx1440x1080&ctp=s720x720&_nc_cat=105&ccb=1-7&_nc_sid=127cfc&_nc_ohc=iBx3p83dQKQQ7kNvwGmHTgt&_nc_oc=AdoBX-j5t7uDn86lFOq2EzLlMAqIMxcaS6l9OxGKsQKbK2ejr4ZFp1G4xYVszI49Kdo&_nc_zt=23&_nc_ht=scontent-dfw5-1.xx&_nc_gid=qCxeOM_8QfVClbaNuagAzQ&_nc_ss=72289&oh=00_AQAaqgY_W9tealxwHwHDR3-vbd9CtTcsMjl2ziDa5hGUdg&oe=6A6D3D9B,6,1,1,[object Object]
Vieira's Gym,facebook,1456674449794354,https://www.facebook.com/100063554378306/posts/1456674449794354,2025-11-12T12:40:44.000Z,Nenhum objetivo é inalcançável quando trabalhamos em equipe e nos apoiamos mutuamente. @ayed.vilas @natalinotkd9 @derciodaude @joaojessen,,https://scontent-dfw6-2.xx.fbcdn.net/v/t51.82787-15/581970454_18393456136126051_3295925087447254493_n.jpg?stp=dst-jpg_tt6&cstp=mx1279x1366&ctp=p180x540&_nc_cat=109&ccb=1-7&_nc_sid=127cfc&_nc_ohc=XC5NsXb_FgcQ7kNvwFG4eVQ&_nc_oc=AdrUigVtU3VuR9N9O0jHXGtUtDer8z0FtVRjbfh2th3j-dSH_TZamL-I-voXhIwU_KM&_nc_zt=23&_nc_ht=scontent-dfw6-2.xx&_nc_gid=qCxeOM_8QfVClbaNuagAzQ&_nc_ss=72289&oh=00_AQCWyzGvfJhSXr44u7-bXUOS5qBiE1izPqDwluQj9GRGDQ&oe=6A6D3CF7,10,1,0,[object Object]
Vieira's Gym,facebook,1433972595397873,https://www.facebook.com/100063554378306/posts/1433972595397873,2025-10-21T10:24:57.000Z,,,https://scontent-dfw6-1.xx.fbcdn.net/v/t51.82787-15/567264813_18389621803126051_8961864261518889606_n.jpg?stp=dst-jpg_tt6&cstp=mx1094x911&ctp=s600x600&_nc_cat=102&ccb=1-7&_nc_sid=127cfc&_nc_ohc=OduLGjFljXIQ7kNvwF-xYZD&_nc_oc=AdqKrDpuIKO2cDLtBNYYpsJAYpgQcmReVMOD1-AjkVqmFV6t5JVrbXKEAoejdjZyOuw&_nc_zt=23&_nc_ht=scontent-dfw6-1.xx&_nc_gid=qCxeOM_8QfVClbaNuagAzQ&_nc_ss=72289&oh=00_AQC1JnPIaTheXTSatnSR7HfNedA_sXjeMzqHfUMTq23Xkg&oe=6A6D4A8D,9,0,0,
Vieira's Gym,facebook,1415420637253069,https://www.facebook.com/100063554378306/posts/1415420637253069,2025-10-04T10:02:57.000Z,Organização e arbitragem do campeonato de taekwondo 20.09.2025 @ayed.vilas @derciodaude @natalinotkd9 @kcorreia.vieira @joaojessen #gym #maputo #vieirasgym,"gym, maputo, vieirasgym",https://scontent-atl3-3.xx.fbcdn.net/v/t51.82787-15/559201838_18386495218126051_5507386497564803455_n.jpg?stp=dst-jpg_tt6&cstp=mx1440x1440&ctp=p526x296&_nc_cat=110&ccb=1-7&_nc_sid=127cfc&_nc_ohc=wdKdRUHOnGoQ7kNvwGZYqBU&_nc_oc=AdrUchkjpDo7iYNPQ40DgpF6cdr0jfjcZYCQse5Gp8lKpFNo_3RHyy24RibAllQO5xfqMphNTXVRtRAZZ2t9MIQO&_nc_zt=23&_nc_ht=scontent-atl3-3.xx&_nc_gid=5ZmRf0BgTE_DskKI_dj7aA&_nc_ss=72289&oh=00_AQBLU9vwkQb1VJPAwJK2ZkbzCJTNldPzoa-plDoaNYvX2g&oe=6A6D516F,5,0,0,
Vieira's Gym,facebook,1413418920786574,https://www.facebook.com/100063554378306/posts/1413418920786574,2025-10-02T09:29:03.000Z,Campeonato de Taekwondo Técnica e Combate 20.09.2025 #taekwondo #maputo #vieirasgym #mocambique🇲🇿 @ayed.vilas @natalinotkd9 @derciodaude @kcorreia.vieira @joaojessen,"taekwondo, maputo, vieirasgym, mocambique","https://scontent-atl3-2.xx.fbcdn.net/v/t51.82787-15/557428677_18386178013126051_6696946722801537047_n.jpg?stp=dst-jpegr_tt6&cstp=mx1440x1440&ctp=s590x590&_nc_cat=101&ccb=1-7&_nc_sid=127cfc&_nc_ohc=4yrXHMPeBLUQ7kNvwEh5MIo&_nc_oc=Adof_iOCScl36D_pB3JUuOcsn5kweOnEBda1aE8oD3KH--wqDJt9qSfLycyH-m9HvsrY7Xz5XmeXrTrTCuO5ProK&_nc_zt=23&se=-1&_nc_ht=scontent-atl3-2.xx&_nc_gid=5ZmRf0BgTE_DskKI_dj7aA&_nc_ss=72289&oh=00_AQBxHxKdL2YaTTaQGzG289uHDmuI35GTqz07Ox5rfK3XdA&oe=6A6D3BBC, https://scontent-atl3-2.xx.fbcdn.net/v/t51.82787-15/558011932_18386178028126051_7252434226060350150_n.jpg?stp=dst-jpegr_tt6&cstp=mx1440x1440&ctp=s590x590&_nc_cat=102&ccb=1-7&_nc_sid=127cfc&_nc_ohc=aRIeg-yDxvoQ7kNvwG-d_6m&_nc_oc=AdqOU2Lgj1eQqRQ8viwedSwUbQCxroyYUC2wg3j8sICFJoLdd7TaP7kxKhSk9ggryUMH-LmY8MO_uO3qIRWOc4DO&_nc_zt=23&se=-1&_nc_ht=scontent-atl3-2.xx&_nc_gid=5ZmRf0BgTE_DskKI_dj7aA&_nc_ss=72289&oh=00_AQDgJxeXb0WruYOYzFkedeLRptrCEp1XJ25-AQt83BO1Mg&oe=6A6D4AAF, https://scontent-atl3-2.xx.fbcdn.net/v/t51.82787-15/557360437_18386178040126051_2099777730286187565_n.jpg?stp=dst-jpegr_tt6&cstp=mx1440x1440&ctp=s590x590&_nc_cat=101&ccb=1-7&_nc_sid=127cfc&_nc_ohc=PjAhHzW-eHkQ7kNvwGpAQKo&_nc_oc=Adr4NbHf0wQyHLnnTkpbvKjXtHROzMDe6sJIBUhySBQqz9IhsNAi6YsCknH2C2Q4pJxDzNi-F7LuGL-klD5UjuY9&_nc_zt=23&se=-1&_nc_ht=scontent-atl3-2.xx&_nc_gid=5ZmRf0BgTE_DskKI_dj7aA&_nc_ss=72289&oh=00_AQApiWPNHfg33kSo9HKnlv9RvlUkswf-7OvM3YR82AhPmw&oe=6A6D364E, https://scontent-atl3-3.xx.fbcdn.net/v/t51.82787-15/559666227_18386178049126051_1346711057035483224_n.jpg?stp=dst-jpegr_tt6&cstp=mx1440x1440&ctp=s590x590&_nc_cat=111&ccb=1-7&_nc_sid=127cfc&_nc_ohc=rpktDtEIjcEQ7kNvwHBvYPk&_nc_oc=AdoutwsnIBz5ckzbm0Z-npMDIujXda0ceR6lCakpq_0cmc7Yr5Des5I3J6kuOYLw1_d6hEpVCzbanFr6WExilaDl&_nc_zt=23&se=-1&_nc_ht=scontent-atl3-3.xx&_nc_gid=5ZmRf0BgTE_DskKI_dj7aA&_nc_ss=72289&oh=00_AQDS7Wf-KhfO5i_ak3RCSVYZsywbgW_EJJICq0QijKl8Og&oe=6A6D4EFC, https://scontent-atl3-1.xx.fbcdn.net/v/t51.82787-15/558452602_18386178064126051_2747747443831867163_n.jpg?stp=dst-jpegr_tt6&cstp=mx1440x1440&ctp=s590x590&_nc_cat=106&ccb=1-7&_nc_sid=127cfc&_nc_ohc=3N9mWpkRm9YQ7kNvwHVvkdr&_nc_oc=Adq4qsE1BRuoXjBg5MdiVYODxwQPUgyahhWaN2l4nrSnmIRKSG8Zs-lw2AX1MYD9RWx5BQgUmW847f18HUV5rtc0&_nc_zt=23&se=-1&_nc_ht=scontent-atl3-1.xx&_nc_gid=5ZmRf0BgTE_DskKI_dj7aA&_nc_ss=72289&oh=00_AQBWKx37hiEzTnnsbVT7deNdJC7DHNSrQo-6MOynTwbHow&oe=6A6D4997",2,0,0,
Vieira's Gym,facebook,1403436011784865,https://www.facebook.com/100063554378306/posts/1403436011784865,2025-09-22T10:04:03.000Z,O nosso muito obrigado a Equipe de arbitragem/ Organização do campeonato De kickboxing L.C. #wakomoçambique #kickboxing #vieirasgym #maputo @kaz.lukas @ayed.vilas @ivanchunguas @kcorreia.vieira,"wakomoçambique, kickboxing, vieirasgym, maputo",https://scontent-atl3-2.xx.fbcdn.net/v/t51.82787-15/551981828_18384676420126051_3295109863735284680_n.jpg?stp=dst-jpg_tt6&cstp=mx1440x1115&ctp=p180x540&_nc_cat=104&ccb=1-7&_nc_sid=127cfc&_nc_ohc=3ADUJbDqLUMQ7kNvwEnTP3-&_nc_oc=AdonySU7jBN4stP1C5VGNgvGsbiyODQgYAJJjrbMHXZqaKrJMcqR23tD4JoWYTCZyF68q3V2xGt7wbxnJttQHxlH&_nc_zt=23&_nc_ht=scontent-atl3-2.xx&_nc_gid=5ZmRf0BgTE_DskKI_dj7aA&_nc_ss=72289&oh=00_AQCAZjTjmDpvMgi2unMp7caUgc3z_reitUdoTw7u0rjtGw&oe=6A6D562C,11,0,0,
Vieira's Gym,facebook,1397581622370304,https://www.facebook.com/100063554378306/posts/1397581622370304,2025-09-16T08:41:32.000Z,"Parabéns a *todos os intervenientes* neste campeonato de kickboxing!🥊🇲🇿
Organizadores, atletas, treinadores, e público — todos deram o seu melhor e mostraram que, quando trabalhamos juntos, *ninguém perde, todos ganham.* 🙌
Foi bonito de ver o espírito desportivo, a entrega, a evolução dos atletas e, acima de tudo, o respeito dentro e fora do tatame. Cada combate foi uma aula de superação!
Quero deixar um destaque especial para a *nova escola do Tsalala(Matola)*, que mostrou que está a crescer com força, foco e talento. 👏 O futuro promete — e muito!
A caminhada continua. A frente é o caminho.
*Vamos juntos, passo a passo, levantar ainda mais o nome do kickboxing!*
*Força a todos e até o próximo Campeonato!* 💪🔥🥊🇲🇿 @kaz.lukas",,"https://scontent-lga3-3.xx.fbcdn.net/v/t51.82787-15/549127494_18383848669126051_8382251072684987345_n.jpg?stp=dst-jpg_tt6&cstp=mx845x446&ctp=s590x590&_nc_cat=108&ccb=1-7&_nc_sid=127cfc&_nc_ohc=gm5P8tp7S7kQ7kNvwHpK95_&_nc_oc=AdpPYBAnFw56av7KRMOEpdCsyEv7OLNC1x0vrT_7Tw6WZ6kPqVAWsLRiwVxSEZoJskTDFP867H-xNsu4zN5KMoZ9&_nc_zt=23&_nc_ht=scontent-lga3-3.xx&_nc_gid=nZZgbuN4vkfLdayfZilcQw&_nc_ss=72289&oh=00_AQDMsWwcUCwI6G-nHvRq7akfvdsV1bntEsxcoYOjVHdW4w&oe=6A6D3C0E, https://scontent-lga3-1.xx.fbcdn.net/v/t51.82787-15/549288636_18383848684126051_9117256454105390060_n.jpg?stp=dst-jpegr_tt6&cstp=mx1440x1920&ctp=s590x590&_nc_cat=110&ccb=1-7&_nc_sid=127cfc&_nc_ohc=zmlnYPDWs2EQ7kNvwHlDkez&_nc_oc=AdoZjoPIA-jYQrzlsa1rGcx4f_n3prN30tsReczlA3wDSZqhWGx0vFSlzadnf-a6Wju64imv8dG9k0mbW2bxnBaN&_nc_zt=23&se=-1&_nc_ht=scontent-lga3-1.xx&_nc_gid=nZZgbuN4vkfLdayfZilcQw&_nc_ss=72289&oh=00_AQBh9mH5dFnQD4IJvNx4XPikySMCMoNj27J5Fn4lLV01RQ&oe=6A6D50AD, https://scontent-lga3-2.xx.fbcdn.net/v/t51.82787-15/549209929_18383848711126051_3731486930098471608_n.jpg?stp=dst-jpegr_tt6&cstp=mx1440x1920&ctp=s590x590&_nc_cat=107&ccb=1-7&_nc_sid=127cfc&_nc_ohc=Du06N-WudlkQ7kNvwHfI3ES&_nc_oc=AdocJ1Q-2tUzbsCcb6twpsotreQqRNsRa_J3CT3WLDn9uUDbjzDN6TCFEDvBdyVlCx4iuslropJr4FoD772K73Z2&_nc_zt=23&se=-1&_nc_ht=scontent-lga3-2.xx&_nc_gid=nZZgbuN4vkfLdayfZilcQw&_nc_ss=72289&oh=00_AQAzFmgKCMiqqUgXzAXFqbNf-XXqN0u2XOm-uQpK6dO0Lw&oe=6A6D310C, https://scontent-lga3-2.xx.fbcdn.net/v/t51.82787-15/548952969_18383848693126051_5963499226889321092_n.jpg?stp=dst-jpegr_tt6&cstp=mx1440x1920&ctp=s590x590&_nc_cat=101&ccb=1-7&_nc_sid=127cfc&_nc_ohc=ZSxgSxcRaacQ7kNvwFSCc2L&_nc_oc=AdrmseHz7kOEseb404T_SpawZ3QrZ7HN2M-gyV3X3ciP1b_6qNgyLn78tYYEyfnET48HWga-yoX2r4oYjV4qqEBu&_nc_zt=23&se=-1&_nc_ht=scontent-lga3-2.xx&_nc_gid=nZZgbuN4vkfLdayfZilcQw&_nc_ss=72289&oh=00_AQCwoPPhN9fuDW_J8q5KNko3is7V1tv3r0sWeAH31WLQhQ&oe=6A6D5098, https://scontent-lga3-2.xx.fbcdn.net/v/t51.82787-15/548841759_18383848702126051_752165649187128659_n.jpg?stp=dst-jpegr_tt6&cstp=mx1440x1920&ctp=s590x590&_nc_cat=107&ccb=1-7&_nc_sid=127cfc&_nc_ohc=HrnbAGTSeK4Q7kNvwFa4qRT&_nc_oc=Adrfa3stKSsG5KF2vkT6saz_hOqTa3bInGbYzmFrwL9b31HNwaOIGMoRuCCh6nT4RKZ66lJsCamxXPcCrWC1uSdj&_nc_zt=23&se=-1&_nc_ht=scontent-lga3-2.xx&_nc_gid=nZZgbuN4vkfLdayfZilcQw&_nc_ss=72289&oh=00_AQCNIsBAApeL8XR794ymUM5xumzBMNpgC1CrEA9ZVWrbfA&oe=6A6D4B7F",11,0,0,
Vieira's Gym,facebook,1348222807306186,https://www.facebook.com/100063554378306/posts/1348222807306186,2025-07-26T07:48:23.000Z,Seminário de Taekwondo 19.07.2025,,"https://scontent-lga3-1.xx.fbcdn.net/v/t51.82787-10/523169179_18377356312126051_8580327048910264124_n.jpg?stp=dst-jpg_tt6&cstp=mx720x405&ctp=s590x590&_nc_cat=109&ccb=1-7&_nc_sid=5fad0e&_nc_ohc=IponNX4ZNxgQ7kNvwEM7nnF&_nc_oc=AdqqKKOm0hbU4zXjPn3UyvJNOZ55QNDnP9Feumy-YbXzwjpf0h8qxEQg5qsOOH2TWYGfpFNIFQMkNBcZ4BCfjN6H&_nc_zt=23&_nc_ht=scontent-lga3-1.xx&_nc_gid=nZZgbuN4vkfLdayfZilcQw&_nc_ss=72289&oh=00_AQDEPr3hF0kOTC6QsKLsVn_xleLhk9Vk8uvvE2lGyuzsMw&oe=6A6D56F2, https://scontent-lga3-2.xx.fbcdn.net/v/t51.82787-10/521567184_18377356321126051_6176299110192822271_n.jpg?stp=dst-jpg_tt6&cstp=mx720x405&ctp=s590x590&_nc_cat=107&ccb=1-7&_nc_sid=5fad0e&_nc_ohc=hkmUxho_ulYQ7kNvwHI8PgE&_nc_oc=AdqxdIf_UXGKarfDR22gfBLkvxtLGMJPwIbo0iT-af4SoXU-W73WpTkXFsUAvPG4By7LMKszlkiiTJg71QU-laeA&_nc_zt=23&_nc_ht=scontent-lga3-2.xx&_nc_gid=nZZgbuN4vkfLdayfZilcQw&_nc_ss=72289&oh=00_AQA9MkIpWlVaiyOLEPNU8wBhI5LF8I6XHsamnWe--hm2NQ&oe=6A6D4502",2,0,0,
Vieira's Gym,facebook,1342893404505793,https://www.facebook.com/100063554378306/posts/1342893404505793,2025-07-20T17:48:30.000Z,🥋Se conseguirmos unir a nossa família pelo espírito nada é impossível de alcançar…Muito obrigado a todos 🤲 #taekwondofamily #taekwondomarcial #matola #maputo #mozambique #mocambique #artesmarciais #martialarts #thankyou #muitoobrigado #mozambique🇲🇿,"taekwondofamily, taekwondomarcial, matola, maputo, mozambique, mocambique, artesmarciais, martialarts, thankyou, muitoobrigado",https://scontent-lga3-1.xx.fbcdn.net/v/t51.82787-15/520944653_18376675552126051_7760101846959529826_n.jpg?stp=dst-jpegr_tt6&cstp=mx1440x1796&ctp=s640x640&_nc_cat=103&ccb=1-7&_nc_sid=127cfc&_nc_ohc=Ourx0AQgBP4Q7kNvwGtx5S_&_nc_oc=AdoyXOh0jU98jBoqpDH7yTjajbRDtWEDGSYWYx3uDfuY3rLJ4bj5l5DKiMgWjqqxjnf1sfq4mw8mp_Qk4vJh-tHN&_nc_zt=23&se=-1&_nc_ht=scontent-lga3-1.xx&_nc_gid=nZZgbuN4vkfLdayfZilcQw&_nc_ss=72289&oh=00_AQB-bdJxcfDGrNSH2Ql9CDHxTw8y52VFhBxxz2RF_tDsew&oe=6A6D34CD,3,0,0,
Vieira's Gym,facebook,1338134991648301,https://www.facebook.com/100063554378306/posts/1338134991648301,2025-07-15T12:39:14.000Z,"Transforme o seu corpo,sua vida a cada treino!!!💪 #Gym #Ginasioemmaputo #maputocity #transformaçãocorporal #maputomozambique @ayed.vilas @kcorreia.vieira","gym, ginasioemmaputo, maputocity, transformaçãocorporal, maputomozambique, Gym, Ginasioemmaputo",https://scontent.fhnl3-2.fna.fbcdn.net/v/t51.82787-15/518221482_18376031005126051_6481820276819439999_n.jpg?stp=dst-jpg_tt6&cstp=mx847x1059&ctp=s640x640&_nc_cat=108&_nc_map=urlgen_bucketless&ccb=1-7&_nc_sid=127cfc&_nc_ohc=bcqehZWyA4EQ7kNvwFRsARj&_nc_oc=AdoQvXJSLzoh8rP-XktWKo1qOHO9nXsC1wkHnq1bVAQ_7VK5-lc0qDBQyToBvVKRCPA&_nc_zt=23&_nc_ht=scontent.fhnl3-2.fna&_nc_gid=agWlpEuYvr5u_zwXaMOYAg&_nc_ss=7c289&oh=00_AQBW5L-eMxqKgjhtMu55AEeJDUbSATK2nBmcgaqu7pTzvw&oe=6A6D568B,4,0,0,
Vieira's Gym,facebook,1330364715758662,https://www.facebook.com/100063554378306/posts/1330364715758662,2025-07-06T15:39:31.000Z,Organização é a chave para a liberdade. Liberte-se da desordem e conquiste seus objetivos com mais clareza e eficiência.” #kickboxing #wakomoçambique #mozkickboxing #mozambique🇲🇿 #kickboxingmoz,"kickboxing, wakomoçambique, mozkickboxing, mozambique, kickboxingmoz",https://scontent.fhnl3-1.fna.fbcdn.net/v/t51.82787-15/505754393_18374951650126051_1226770732563580589_n.jpg?stp=dst-jpg_tt6&cstp=mx1440x1219&ctp=s590x590&_nc_cat=101&_nc_map=urlgen_bucketless&ccb=1-7&_nc_sid=127cfc&_nc_ohc=hKzH2SzHJX4Q7kNvwH0owpQ&_nc_oc=AdoEMTfxCB_0323r-Av9gfoz7XNPDOhroI5YMTGOmea2ggWsQ9MNEnoKX1D8qewJhyc&_nc_zt=23&_nc_ht=scontent.fhnl3-1.fna&_nc_gid=agWlpEuYvr5u_zwXaMOYAg&_nc_ss=7c289&oh=00_AQBsiti0czmHI0qyKoCJckzPlCroKV9ecc1U7nW73Vzn5w&oe=6A6D37B0,6,0,1,
Vieira's Gym,facebook,1610565591071905,https://www.facebook.com/100063554378306/posts/1610565591071905,2026-04-30T20:25:06.000Z,"Competir é mais do que apenas ganhar, é sobre se desafiar e crescer. 11.04.2026 #wakomocambique #kickboxing #combatsport #maputo #matola @kaz.lukas @mr_chutumia @ayed.vilas @ivanchunguas @kcorreia.vieira @banze.btw @nayltonchilundo @shaylalwmonteiro","wakomocambique, kickboxing, combatsport, maputo, matola","https://scontent-lax3-2.xx.fbcdn.net/v/t51.82787-15/681728933_18420421645126051_8904008458822824364_n.jpg?stp=dst-jpg_tt6&cstp=mx837x438&ctp=s590x590&_nc_cat=107&ccb=1-7&_nc_sid=127cfc&_nc_ohc=lr9Y6k8qL_IQ7kNvwEhJVht&_nc_oc=Adr0dRCpjq3sV1nJBJ78lwply5By8LsaT76agJFDKduvVA9SBxUitwwhfP29Dqmr4Uv9eMtLF0ke3eS9IqtbBgGs&_nc_zt=23&_nc_ht=scontent-lax3-2.xx&_nc_gid=bj5KBVuXgEaZJeZXTOnEgg&_nc_ss=7d289&oh=00_AQDP72QNj6XxxVhqxQCm_xX-mxRbk1pmMTBS8yiHhSCvEQ&oe=6A6D577B, https://scontent-lax3-2.xx.fbcdn.net/v/t51.82787-15/681550343_18420421663126051_5008527465380814954_n.jpg?stp=dst-jpegr_tt6&cstp=mx1440x1080&ctp=s590x590&_nc_cat=106&ccb=1-7&_nc_sid=127cfc&_nc_ohc=TtskTMNwbNwQ7kNvwFOBNi2&_nc_oc=AdoKo4kmix_Ku3ahvmf5w8kiXtCXL4Sk0bbhLjQj6U6IAop8bWMkG5_ijYlKDQEgKJi-ytFecefyWh4fWoRL3g8C&_nc_zt=23&se=-1&_nc_ht=scontent-lax3-2.xx&_nc_gid=bj5KBVuXgEaZJeZXTOnEgg&_nc_ss=7d289&oh=00_AQCpkPl7mA7_dlypUHqtQ8L4LtrovCOs3lgv1LpXJQjK6g&oe=6A6D5FAF, https://scontent-lax3-2.xx.fbcdn.net/v/t51.82787-15/683391453_18420421654126051_7080433992357847253_n.jpg?stp=dst-jpg_tt6&cstp=mx960x720&ctp=s590x590&_nc_cat=103&ccb=1-7&_nc_sid=127cfc&_nc_ohc=K7J0ZKfEez4Q7kNvwE5VogN&_nc_oc=Adr_bKkhlGWfaw6PxQMF4EFjJ4TnEzU-kX7fcB5hkPOP1GaD3N49-kEjKyFJqaNDWhDYnZdx20siG5rVrihurE0o&_nc_zt=23&_nc_ht=scontent-lax3-2.xx&_nc_gid=bj5KBVuXgEaZJeZXTOnEgg&_nc_ss=7d289&oh=00_AQB2w2fskVaPSjST_qHJn9Lqi9TAcmlpN-pcNdC3QApHTA&oe=6A6D5C12",12,1,0,
Vieira's Gym,facebook,1599842792144185,https://www.facebook.com/100063554378306/posts/1599842792144185,2026-04-20T09:40:00.000Z,"O alongamento 🙆‍♂️antes da musculação 🏋️tem como principal objetivo preparar o corpo para o esforço físico💪, aumentando a flexibilidade e a amplitude de movimento. Quer treinar com bom acompanhamento?Junta-te a nós”. WhatsApp: +258828436590 #maputo #matola #treinos #motivação #vidasaudavel","maputo, matola, treinos, motivação, vidasaudavel",https://scontent-lax3-1.xx.fbcdn.net/v/t51.82787-15/673117808_18418805983126051_5946968778361961305_n.jpg?stp=dst-jpegr_tt6&cstp=mx1440x1920&ctp=p526x296&_nc_cat=102&ccb=1-7&_nc_sid=127cfc&_nc_ohc=S3KIyPD1C2oQ7kNvwHVnMWY&_nc_oc=AdobzepjI8W9ZoOxU1WrokvbkBHiHMGTIttR_W19m1net1lzravyWu-INsfVXsaaKvCvkJuKCihh1cKThzv7racd&_nc_zt=23&se=-1&_nc_ht=scontent-lax3-1.xx&_nc_gid=bj5KBVuXgEaZJeZXTOnEgg&_nc_ss=7d289&oh=00_AQBU8xEv5z7Uk29JTNSsou_3slhZhct7UvlN3pz65GU8xA&oe=6A6D3962,3,0,0,
Vieira's Gym,facebook,1578717564256708,https://www.facebook.com/100063554378306/posts/1578717564256708,2026-03-27T11:12:00.000Z,"A persistência é o caminho do êxito e a motivação transforma decisões em realidade. 👌Não espere sorte, crie-a com acções constantes, pois o esforço de hoje é o orgulho de amanhã.💪 @kaz.lukas @ayed.vilas @domingas_lm @leidafumo @_alvaro_diogo @nayltonchilundo #kickboxing #wakomoçambique #maputo #matola","kickboxing, wakomoçambique, maputo, matola",https://scontent-lax7-1.xx.fbcdn.net/v/t51.82787-15/658641696_18415085926126051_985718702764947068_n.jpg?stp=dst-jpg_tt6&cstp=mx1440x915&ctp=p843x403&_nc_cat=105&ccb=1-7&_nc_sid=127cfc&_nc_ohc=SapVsT1EoIIQ7kNvwGaiJk5&_nc_oc=Adq37UTLmjut4VQmmMqMfdf-Qa6hNQLVN9DEy8DYYDMhAgcHFk38E-ZFgQljfCdMQ12-RSuWsyCszs-DpDfJAXTx&_nc_zt=23&_nc_ht=scontent-lax7-1.xx&_nc_gid=bj5KBVuXgEaZJeZXTOnEgg&_nc_ss=7d289&oh=00_AQDtnB1ge0iJM3hxxmexExjObCrM1I7fdWUS5fD-K6DqwA&oe=6A6D520A,3,0,0,
Vieira's Gym,facebook,1558192906309174,https://www.facebook.com/100063554378306/posts/1558192906309174,2026-03-04T21:15:06.000Z,"Fui convidado pela Associação de Taekwondo da cidade de Maputo para partilhar um pouco da minha experiência sobre como criar,gerir um ginásio/ academia de forma a que esta seja um sucesso…21/02/2026 .Quero agradecer ao elenco da Adtcm em especial ao presidente @josedaconceicaotembe pelo convite e dar os parabéns a todos que participaram desta formação para instrutores e monitores de Taekwondo.",,"https://scontent-mia3-1.xx.fbcdn.net/v/t51.82787-15/645919393_18410926960126051_4639938383957226890_n.jpg?stp=dst-jpg_tt6&cstp=mx900x1200&ctp=s590x590&_nc_cat=106&ccb=1-7&_nc_sid=127cfc&_nc_ohc=fL4F6kYa4kUQ7kNvwHFCloU&_nc_oc=AdoFn1Ck0ABuyTeh5IjdUb2fhYqAK7b3n2F3G-3ojqNABDRrZRz9tzc4ZmZRB2Z8OWg&_nc_zt=23&_nc_ht=scontent-mia3-1.xx&_nc_gid=yhTSdy2nD-dCtkUeEX9U6A&_nc_ss=72289&oh=00_AQCqk1WAxDhk9ogoTQNBa2wjycylyLzFpiHMmPaKhFm_Rw&oe=6A6D5093, https://scontent-mia5-1.xx.fbcdn.net/v/t51.82787-15/645820903_18410926969126051_4741654546695815615_n.jpg?stp=dst-jpg_tt6&cstp=mx900x1200&ctp=s590x590&_nc_cat=102&ccb=1-7&_nc_sid=127cfc&_nc_ohc=dhQjtt6MERsQ7kNvwHX9ucz&_nc_oc=AdruORqu3E-vI7hpJqh3dlozwQ6jpL9xmyysqDzO8NuzRhvxmIgUrx2lWP_KpWVeHkw&_nc_zt=23&_nc_ht=scontent-mia5-1.xx&_nc_gid=yhTSdy2nD-dCtkUeEX9U6A&_nc_ss=72289&oh=00_AQCDEmUkwHXtVDyVxn2dCR7oSgNAXyvMCRbsGHng4wJfXQ&oe=6A6D5F27, https://scontent-mia3-3.xx.fbcdn.net/v/t51.82787-15/645841466_18410926999126051_1724056440867713859_n.jpg?stp=dst-jpg_tt6&cstp=mx1440x1920&ctp=s590x590&_nc_cat=110&ccb=1-7&_nc_sid=127cfc&_nc_ohc=jaddLLc_iwUQ7kNvwHvlPKC&_nc_oc=AdrNM4aRe3SnS1o_pLdeQuT2jnw0Jnj-h3IeD-742RjsfdBxu724NQ4wBZIhvfRPO4Q&_nc_zt=23&_nc_ht=scontent-mia3-3.xx&_nc_gid=yhTSdy2nD-dCtkUeEX9U6A&_nc_ss=72289&oh=00_AQDRpeFpHJDl-8S5yfVEhkrn19Fhhn6ArKEVfuL7uwpW9g&oe=6A6D36B1, https://scontent-mia3-3.xx.fbcdn.net/v/t51.82787-15/645818994_18410926990126051_4895275930548750721_n.jpg?stp=dst-jpg_tt6&cstp=mx1440x1920&ctp=s590x590&_nc_cat=110&ccb=1-7&_nc_sid=127cfc&_nc_ohc=T7lLm93tHDIQ7kNvwGmcxGd&_nc_oc=AdqBFoTkEh5O7xxe9Ji5rjMNzqh9RMgT8-Y8tJzWmqwroIViWsyBC71NeFWLwwSOicM&_nc_zt=23&_nc_ht=scontent-mia3-3.xx&_nc_gid=yhTSdy2nD-dCtkUeEX9U6A&_nc_ss=72289&oh=00_AQCUE3riwZg-kDd7CNS25r07MvR-8xgtnjLZS3ADAJKH2Q&oe=6A6D4380, https://scontent-mia3-1.xx.fbcdn.net/v/t51.82787-15/645936300_18410926978126051_912288643384656853_n.jpg?stp=dst-jpg_tt6&cstp=mx900x1200&ctp=s590x590&_nc_cat=106&ccb=1-7&_nc_sid=127cfc&_nc_ohc=g16xcSxnuvUQ7kNvwGjNAF8&_nc_oc=AdqedyL9l2puGL1hxr84EaTPHLeWW5mMgGZYViuoJu45jICkKOAqOeBuqBD1MPlVe_M&_nc_zt=23&_nc_ht=scontent-mia3-1.xx&_nc_gid=yhTSdy2nD-dCtkUeEX9U6A&_nc_ss=72289&oh=00_AQDMWso09DD5a1n8c4bQiZhoT6dFM5jbtS1Eo6CWj-5iVQ&oe=6A6D5922",11,0,0,
Vieira's Gym,facebook,1516249020503563,https://www.facebook.com/100063554378306/posts/1516249020503563,2026-01-19T09:09:27.000Z,"‘’Fomos criados para avançar, crescer e subir de nível. A nossa natureza é de crescimento e isso implica esforço e trabalho duro…no final vale sempre a pena”.🥊🥋 @ayed.vilas @kaz.lukas @larson_sithoy @joaquim_nhanala @banze.btw",,https://scontent-mia3-1.xx.fbcdn.net/v/t51.82787-15/619839491_18402385222126051_928952427689340513_n.jpg?stp=dst-jpg_tt6&cstp=mx1440x1080&ctp=s720x720&_nc_cat=106&ccb=1-7&_nc_sid=127cfc&_nc_ohc=sadTdI8_MgkQ7kNvwHsfmEV&_nc_oc=AdpDZxR5ddDn6zz5i99he_kwvj2QEJ37ZBal_icL5Vqoe1jMGt5oc5lkgPOm6ByEEks&_nc_zt=23&_nc_ht=scontent-mia3-1.xx&_nc_gid=yhTSdy2nD-dCtkUeEX9U6A&_nc_ss=72289&oh=00_AQBMuCaG1CMrRu93gGXZdeybU_X34c904bnoFkX18XGJAQ&oe=6A6D5012,4,0,1,
Vieira's Gym,facebook,1505341391594326,https://www.facebook.com/100063554378306/posts/1505341391594326,2026-01-06T11:49:07.000Z,“Cada desafio é uma oportunidade para crescer e se superar. Enfrentemos juntos com determinação”. #taekwondo #maputo #matola #martialarts #vieirasgym @ayed.vilas @derciodaude @kcorreia.vieira @davidandrade64,"taekwondo, maputo, matola, martialarts, vieirasgym",https://scontent-mia5-1.xx.fbcdn.net/v/t51.82787-15/611269913_18400914520126051_7353624116514207761_n.jpg?stp=dst-jpg_tt6&cstp=mx1440x754&ctp=s960x960&_nc_cat=101&ccb=1-7&_nc_sid=127cfc&_nc_ohc=g2Md0IjH4nEQ7kNvwHTbW2y&_nc_oc=Adok4i2NtvU8w-L4SDvtHt_FPrCtoNbv7JYsEDuadgWfhH5tX9skYfW9-i9M_7oNzjc&_nc_zt=23&_nc_ht=scontent-mia5-1.xx&_nc_gid=yhTSdy2nD-dCtkUeEX9U6A&_nc_ss=72289&oh=00_AQATLol8uodOU4LTsxdlxnHsxw72gc7zxmtDizB-ySPdaQ&oe=6A6D4F9C,0,0,0,
Vieira's Gym,facebook,1499794242149041,https://www.facebook.com/100063554378306/posts/1499794242149041,2025-12-30T12:46:09.000Z,"“A dor do treino é temporária, mas a satisfação da conquista é para sempre”. Muitos parabéns pela nova etapa 🥋🥊🇲🇿… @djv.ofc @ivanchunguas #kickboxingmoz #wakomoçambique #vieirasgym #maputo #matola","kickboxingmoz, wakomoçambique, vieirasgym, maputo, matola",https://scontent-ord5-3.xx.fbcdn.net/v/t51.82787-15/608177711_18400030924126051_717605435805103536_n.jpg?stp=dst-jpg_tt6&cstp=mx1440x1636&ctp=s590x590&_nc_cat=107&ccb=1-7&_nc_sid=127cfc&_nc_ohc=YwxSv-ydUn0Q7kNvwEnki5G&_nc_oc=Adr36xSp7TA06tipRFI-D2MgYT609ZkvBNPCRUJr8sm0nyRM-AhKO9swhLQtkmCLmko&_nc_zt=23&_nc_ht=scontent-ord5-3.xx&_nc_gid=vxCeCKTIOX0S23Zh-QZB6Q&_nc_ss=72289&oh=00_AQAE4YYuAHHtcPBJL_X-mnltjMu5EWQx8qz6ReJpHaa9pg&oe=6A6D4718,5,0,0,
Vieira's Gym,facebook,1495725489222583,https://www.facebook.com/100063554378306/posts/1495725489222583,2025-12-25T08:17:10.000Z,🚨Nb:O ginásio continua aberto para os alunos interessados em usar as salas de treino nos horários normais de funcionamento obrigado💪🥋🏋️🥊🤼‍♂️ #vieirasgym #ginasio #maputo #matola moçambique🇲🇿,"vieirasgym, ginasio, maputo, matola",https://scontent-ord5-2.xx.fbcdn.net/v/t51.82787-15/605788477_18399432469126051_1818456259148906563_n.jpg?stp=dst-jpg_tt6&cstp=mx1365x1820&ctp=p526x296&_nc_cat=110&ccb=1-7&_nc_sid=127cfc&_nc_ohc=xSaYA7QXfKgQ7kNvwGf6TyY&_nc_oc=AdqXpQzGk7viP8QPQbRehPzIuVg93jx8lPBTmE88EYrW4ByLqsRvMto4meDIF9loDz0&_nc_zt=23&_nc_ht=scontent-ord5-2.xx&_nc_gid=vxCeCKTIOX0S23Zh-QZB6Q&_nc_ss=72289&oh=00_AQAXPjDVUZCtfibQZMIVNGnbQMKhyn4T_rZpJIIo3uEHog&oe=6A6D5840,2,0,0,
Vieira's Gym,facebook,1484696613658804,https://www.facebook.com/100063554378306/posts/1484696613658804,2025-12-12T12:31:41.000Z,#wakomoçambique #kickboxingmozambique🇲🇿,"wakomoçambique, kickboxingmozambique",https://scontent-ord5-2.xx.fbcdn.net/v/t51.82787-15/599906801_18397933633126051_4608931817862446032_n.jpg?stp=dst-jpg_tt6&cstp=mx1440x943&ctp=p180x540&_nc_cat=105&ccb=1-7&_nc_sid=127cfc&_nc_ohc=udHX6G9zz8gQ7kNvwEoH_Ij&_nc_oc=AdoDhxE181imx1YDtFRhDToAe9g8vLpKN0DVNvj0ppMM1h0Rwp7EuBFAbk5a7azzUHE&_nc_zt=23&_nc_ht=scontent-ord5-2.xx&_nc_gid=vxCeCKTIOX0S23Zh-QZB6Q&_nc_ss=72289&oh=00_AQC4UmIuJ6f7F6rlxHMJYY9fGrqW75JLyx1y1sy2aUYsqg&oe=6A6D5311,4,0,1,
Vieira's Gym,facebook,1475542891240843,https://www.facebook.com/100063554378306/posts/1475542891240843,2025-12-02T08:00:40.000Z,@kaz.lukas @ayed.vilas @mr_chutumia @vieiras_gym @djv.ofc,,https://scontent-dfw5-1.xx.fbcdn.net/v/t51.82787-15/589107718_18396707023126051_1573673716240471718_n.jpg?stp=dst-jpg_tt6&cstp=mx1440x1080&ctp=s720x720&_nc_cat=105&ccb=1-7&_nc_sid=127cfc&_nc_ohc=iBx3p83dQKQQ7kNvwGmHTgt&_nc_oc=AdoBX-j5t7uDn86lFOq2EzLlMAqIMxcaS6l9OxGKsQKbK2ejr4ZFp1G4xYVszI49Kdo&_nc_zt=23&_nc_ht=scontent-dfw5-1.xx&_nc_gid=qCxeOM_8QfVClbaNuagAzQ&_nc_ss=72289&oh=00_AQAaqgY_W9tealxwHwHDR3-vbd9CtTcsMjl2ziDa5hGUdg&oe=6A6D3D9B,6,1,1,[object Object]
Vieira's Gym,facebook,1456674449794354,https://www.facebook.com/100063554378306/posts/1456674449794354,2025-11-12T12:40:44.000Z,Nenhum objetivo é inalcançável quando trabalhamos em equipe e nos apoiamos mutuamente. @ayed.vilas @natalinotkd9 @derciodaude @joaojessen,,https://scontent-dfw6-2.xx.fbcdn.net/v/t51.82787-15/581970454_18393456136126051_3295925087447254493_n.jpg?stp=dst-jpg_tt6&cstp=mx1279x1366&ctp=p180x540&_nc_cat=109&ccb=1-7&_nc_sid=127cfc&_nc_ohc=XC5NsXb_FgcQ7kNvwFG4eVQ&_nc_oc=AdrUigVtU3VuR9N9O0jHXGtUtDer8z0FtVRjbfh2th3j-dSH_TZamL-I-voXhIwU_KM&_nc_zt=23&_nc_ht=scontent-dfw6-2.xx&_nc_gid=qCxeOM_8QfVClbaNuagAzQ&_nc_ss=72289&oh=00_AQCWyzGvfJhSXr44u7-bXUOS5qBiE1izPqDwluQj9GRGDQ&oe=6A6D3CF7,10,1,0,[object Object]
Vieira's Gym,facebook,1433972595397873,https://www.facebook.com/100063554378306/posts/1433972595397873,2025-10-21T10:24:57.000Z,,,https://scontent-dfw6-1.xx.fbcdn.net/v/t51.82787-15/567264813_18389621803126051_8961864261518889606_n.jpg?stp=dst-jpg_tt6&cstp=mx1094x911&ctp=s600x600&_nc_cat=102&ccb=1-7&_nc_sid=127cfc&_nc_ohc=OduLGjFljXIQ7kNvwF-xYZD&_nc_oc=AdqKrDpuIKO2cDLtBNYYpsJAYpgQcmReVMOD1-AjkVqmFV6t5JVrbXKEAoejdjZyOuw&_nc_zt=23&_nc_ht=scontent-dfw6-1.xx&_nc_gid=qCxeOM_8QfVClbaNuagAzQ&_nc_ss=72289&oh=00_AQC1JnPIaTheXTSatnSR7HfNedA_sXjeMzqHfUMTq23Xkg&oe=6A6D4A8D,9,0,0,
Vieira's Gym,facebook,1415420637253069,https://www.facebook.com/100063554378306/posts/1415420637253069,2025-10-04T10:02:57.000Z,Organização e arbitragem do campeonato de taekwondo 20.09.2025 @ayed.vilas @derciodaude @natalinotkd9 @kcorreia.vieira @joaojessen #gym #maputo #vieirasgym,"gym, maputo, vieirasgym",https://scontent-atl3-3.xx.fbcdn.net/v/t51.82787-15/559201838_18386495218126051_5507386497564803455_n.jpg?stp=dst-jpg_tt6&cstp=mx1440x1440&ctp=p526x296&_nc_cat=110&ccb=1-7&_nc_sid=127cfc&_nc_ohc=wdKdRUHOnGoQ7kNvwGZYqBU&_nc_oc=AdrUchkjpDo7iYNPQ40DgpF6cdr0jfjcZYCQse5Gp8lKpFNo_3RHyy24RibAllQO5xfqMphNTXVRtRAZZ2t9MIQO&_nc_zt=23&_nc_ht=scontent-atl3-3.xx&_nc_gid=5ZmRf0BgTE_DskKI_dj7aA&_nc_ss=72289&oh=00_AQBLU9vwkQb1VJPAwJK2ZkbzCJTNldPzoa-plDoaNYvX2g&oe=6A6D516F,5,0,0,
Vieira's Gym,facebook,1413418920786574,https://www.facebook.com/100063554378306/posts/1413418920786574,2025-10-02T09:29:03.000Z,Campeonato de Taekwondo Técnica e Combate 20.09.2025 #taekwondo #maputo #vieirasgym #mocambique🇲🇿 @ayed.vilas @natalinotkd9 @derciodaude @kcorreia.vieira @joaojessen,"taekwondo, maputo, vieirasgym, mocambique","https://scontent-atl3-2.xx.fbcdn.net/v/t51.82787-15/557428677_18386178013126051_6696946722801537047_n.jpg?stp=dst-jpegr_tt6&cstp=mx1440x1440&ctp=s590x590&_nc_cat=101&ccb=1-7&_nc_sid=127cfc&_nc_ohc=4yrXHMPeBLUQ7kNvwEh5MIo&_nc_oc=Adof_iOCScl36D_pB3JUuOcsn5kweOnEBda1aE8oD3KH--wqDJt9qSfLycyH-m9HvsrY7Xz5XmeXrTrTCuO5ProK&_nc_zt=23&se=-1&_nc_ht=scontent-atl3-2.xx&_nc_gid=5ZmRf0BgTE_DskKI_dj7aA&_nc_ss=72289&oh=00_AQBxHxKdL2YaTTaQGzG289uHDmuI35GTqz07Ox5rfK3XdA&oe=6A6D3BBC, https://scontent-atl3-2.xx.fbcdn.net/v/t51.82787-15/558011932_18386178028126051_7252434226060350150_n.jpg?stp=dst-jpegr_tt6&cstp=mx1440x1440&ctp=s590x590&_nc_cat=102&ccb=1-7&_nc_sid=127cfc&_nc_ohc=aRIeg-yDxvoQ7kNvwG-d_6m&_nc_oc=AdqOU2Lgj1eQqRQ8viwedSwUbQCxroyYUC2wg3j8sICFJoLdd7TaP7kxKhSk9ggryUMH-LmY8MO_uO3qIRWOc4DO&_nc_zt=23&se=-1&_nc_ht=scontent-atl3-2.xx&_nc_gid=5ZmRf0BgTE_DskKI_dj7aA&_nc_ss=72289&oh=00_AQDgJxeXb0WruYOYzFkedeLRptrCEp1XJ25-AQt83BO1Mg&oe=6A6D4AAF, https://scontent-atl3-2.xx.fbcdn.net/v/t51.82787-15/557360437_18386178040126051_2099777730286187565_n.jpg?stp=dst-jpegr_tt6&cstp=mx1440x1440&ctp=s590x590&_nc_cat=101&ccb=1-7&_nc_sid=127cfc&_nc_ohc=PjAhHzW-eHkQ7kNvwGpAQKo&_nc_oc=Adr4NbHf0wQyHLnnTkpbvKjXtHROzMDe6sJIBUhySBQqz9IhsNAi6YsCknH2C2Q4pJxDzNi-F7LuGL-klD5UjuY9&_nc_zt=23&se=-1&_nc_ht=scontent-atl3-2.xx&_nc_gid=5ZmRf0BgTE_DskKI_dj7aA&_nc_ss=72289&oh=00_AQApiWPNHfg33kSo9HKnlv9RvlUkswf-7OvM3YR82AhPmw&oe=6A6D364E, https://scontent-atl3-3.xx.fbcdn.net/v/t51.82787-15/559666227_18386178049126051_1346711057035483224_n.jpg?stp=dst-jpegr_tt6&cstp=mx1440x1440&ctp=s590x590&_nc_cat=111&ccb=1-7&_nc_sid=127cfc&_nc_ohc=rpktDtEIjcEQ7kNvwHBvYPk&_nc_oc=AdoutwsnIBz5ckzbm0Z-npMDIujXda0ceR6lCakpq_0cmc7Yr5Des5I3J6kuOYLw1_d6hEpVCzbanFr6WExilaDl&_nc_zt=23&se=-1&_nc_ht=scontent-atl3-3.xx&_nc_gid=5ZmRf0BgTE_DskKI_dj7aA&_nc_ss=72289&oh=00_AQDS7Wf-KhfO5i_ak3RCSVYZsywbgW_EJJICq0QijKl8Og&oe=6A6D4EFC, https://scontent-atl3-1.xx.fbcdn.net/v/t51.82787-15/558452602_18386178064126051_2747747443831867163_n.jpg?stp=dst-jpegr_tt6&cstp=mx1440x1440&ctp=s590x590&_nc_cat=106&ccb=1-7&_nc_sid=127cfc&_nc_ohc=3N9mWpkRm9YQ7kNvwHVvkdr&_nc_oc=Adq4qsE1BRuoXjBg5MdiVYODxwQPUgyahhWaN2l4nrSnmIRKSG8Zs-lw2AX1MYD9RWx5BQgUmW847f18HUV5rtc0&_nc_zt=23&se=-1&_nc_ht=scontent-atl3-1.xx&_nc_gid=5ZmRf0BgTE_DskKI_dj7aA&_nc_ss=72289&oh=00_AQBWKx37hiEzTnnsbVT7deNdJC7DHNSrQo-6MOynTwbHow&oe=6A6D4997",2,0,0,
Vieira's Gym,facebook,1403436011784865,https://www.facebook.com/100063554378306/posts/1403436011784865,2025-09-22T10:04:03.000Z,O nosso muito obrigado a Equipe de arbitragem/ Organização do campeonato De kickboxing L.C. #wakomoçambique #kickboxing #vieirasgym #maputo @kaz.lukas @ayed.vilas @ivanchunguas @kcorreia.vieira,"wakomoçambique, kickboxing, vieirasgym, maputo",https://scontent-atl3-2.xx.fbcdn.net/v/t51.82787-15/551981828_18384676420126051_3295109863735284680_n.jpg?stp=dst-jpg_tt6&cstp=mx1440x1115&ctp=p180x540&_nc_cat=104&ccb=1-7&_nc_sid=127cfc&_nc_ohc=3ADUJbDqLUMQ7kNvwEnTP3-&_nc_oc=AdonySU7jBN4stP1C5VGNgvGsbiyODQgYAJJjrbMHXZqaKrJMcqR23tD4JoWYTCZyF68q3V2xGt7wbxnJttQHxlH&_nc_zt=23&_nc_ht=scontent-atl3-2.xx&_nc_gid=5ZmRf0BgTE_DskKI_dj7aA&_nc_ss=72289&oh=00_AQCAZjTjmDpvMgi2unMp7caUgc3z_reitUdoTw7u0rjtGw&oe=6A6D562C,11,0,0,
Vieira's Gym,facebook,1397581622370304,https://www.facebook.com/100063554378306/posts/1397581622370304,2025-09-16T08:41:32.000Z,"Parabéns a *todos os intervenientes* neste campeonato de kickboxing!🥊🇲🇿
Organizadores, atletas, treinadores, e público — todos deram o seu melhor e mostraram que, quando trabalhamos juntos, *ninguém perde, todos ganham.* 🙌
Foi bonito de ver o espírito desportivo, a entrega, a evolução dos atletas e, acima de tudo, o respeito dentro e fora do tatame. Cada combate foi uma aula de superação!
Quero deixar um destaque especial para a *nova escola do Tsalala(Matola)*, que mostrou que está a crescer com força, foco e talento. 👏 O futuro promete — e muito!
A caminhada continua. A frente é o caminho.
*Vamos juntos, passo a passo, levantar ainda mais o nome do kickboxing!*
*Força a todos e até o próximo Campeonato!* 💪🔥🥊🇲🇿 @kaz.lukas",,"https://scontent-lga3-3.xx.fbcdn.net/v/t51.82787-15/549127494_18383848669126051_8382251072684987345_n.jpg?stp=dst-jpg_tt6&cstp=mx845x446&ctp=s590x590&_nc_cat=108&ccb=1-7&_nc_sid=127cfc&_nc_ohc=gm5P8tp7S7kQ7kNvwHpK95_&_nc_oc=AdpPYBAnFw56av7KRMOEpdCsyEv7OLNC1x0vrT_7Tw6WZ6kPqVAWsLRiwVxSEZoJskTDFP867H-xNsu4zN5KMoZ9&_nc_zt=23&_nc_ht=scontent-lga3-3.xx&_nc_gid=nZZgbuN4vkfLdayfZilcQw&_nc_ss=72289&oh=00_AQDMsWwcUCwI6G-nHvRq7akfvdsV1bntEsxcoYOjVHdW4w&oe=6A6D3C0E, https://scontent-lga3-1.xx.fbcdn.net/v/t51.82787-15/549288636_18383848684126051_9117256454105390060_n.jpg?stp=dst-jpegr_tt6&cstp=mx1440x1920&ctp=s590x590&_nc_cat=110&ccb=1-7&_nc_sid=127cfc&_nc_ohc=zmlnYPDWs2EQ7kNvwHlDkez&_nc_oc=AdoZjoPIA-jYQrzlsa1rGcx4f_n3prN30tsReczlA3wDSZqhWGx0vFSlzadnf-a6Wju64imv8dG9k0mbW2bxnBaN&_nc_zt=23&se=-1&_nc_ht=scontent-lga3-1.xx&_nc_gid=nZZgbuN4vkfLdayfZilcQw&_nc_ss=72289&oh=00_AQBh9mH5dFnQD4IJvNx4XPikySMCMoNj27J5Fn4lLV01RQ&oe=6A6D50AD, https://scontent-lga3-2.xx.fbcdn.net/v/t51.82787-15/549209929_18383848711126051_3731486930098471608_n.jpg?stp=dst-jpegr_tt6&cstp=mx1440x1920&ctp=s590x590&_nc_cat=107&ccb=1-7&_nc_sid=127cfc&_nc_ohc=Du06N-WudlkQ7kNvwHfI3ES&_nc_oc=AdocJ1Q-2tUzbsCcb6twpsotreQqRNsRa_J3CT3WLDn9uUDbjzDN6TCFEDvBdyVlCx4iuslropJr4FoD772K73Z2&_nc_zt=23&se=-1&_nc_ht=scontent-lga3-2.xx&_nc_gid=nZZgbuN4vkfLdayfZilcQw&_nc_ss=72289&oh=00_AQAzFmgKCMiqqUgXzAXFqbNf-XXqN0u2XOm-uQpK6dO0Lw&oe=6A6D310C, https://scontent-lga3-2.xx.fbcdn.net/v/t51.82787-15/548952969_18383848693126051_5963499226889321092_n.jpg?stp=dst-jpegr_tt6&cstp=mx1440x1920&ctp=s590x590&_nc_cat=101&ccb=1-7&_nc_sid=127cfc&_nc_ohc=ZSxgSxcRaacQ7kNvwFSCc2L&_nc_oc=AdrmseHz7kOEseb404T_SpawZ3QrZ7HN2M-gyV3X3ciP1b_6qNgyLn78tYYEyfnET48HWga-yoX2r4oYjV4qqEBu&_nc_zt=23&se=-1&_nc_ht=scontent-lga3-2.xx&_nc_gid=nZZgbuN4vkfLdayfZilcQw&_nc_ss=72289&oh=00_AQCwoPPhN9fuDW_J8q5KNko3is7V1tv3r0sWeAH31WLQhQ&oe=6A6D5098, https://scontent-lga3-2.xx.fbcdn.net/v/t51.82787-15/548841759_18383848702126051_752165649187128659_n.jpg?stp=dst-jpegr_tt6&cstp=mx1440x1920&ctp=s590x590&_nc_cat=107&ccb=1-7&_nc_sid=127cfc&_nc_ohc=HrnbAGTSeK4Q7kNvwFa4qRT&_nc_oc=Adrfa3stKSsG5KF2vkT6saz_hOqTa3bInGbYzmFrwL9b31HNwaOIGMoRuCCh6nT4RKZ66lJsCamxXPcCrWC1uSdj&_nc_zt=23&se=-1&_nc_ht=scontent-lga3-2.xx&_nc_gid=nZZgbuN4vkfLdayfZilcQw&_nc_ss=72289&oh=00_AQCNIsBAApeL8XR794ymUM5xumzBMNpgC1CrEA9ZVWrbfA&oe=6A6D4B7F",11,0,0,
Vieira's Gym,facebook,1348222807306186,https://www.facebook.com/100063554378306/posts/1348222807306186,2025-07-26T07:48:23.000Z,Seminário de Taekwondo 19.07.2025,,"https://scontent-lga3-1.xx.fbcdn.net/v/t51.82787-10/523169179_18377356312126051_8580327048910264124_n.jpg?stp=dst-jpg_tt6&cstp=mx720x405&ctp=s590x590&_nc_cat=109&ccb=1-7&_nc_sid=5fad0e&_nc_ohc=IponNX4ZNxgQ7kNvwEM7nnF&_nc_oc=AdqqKKOm0hbU4zXjPn3UyvJNOZ55QNDnP9Feumy-YbXzwjpf0h8qxEQg5qsOOH2TWYGfpFNIFQMkNBcZ4BCfjN6H&_nc_zt=23&_nc_ht=scontent-lga3-1.xx&_nc_gid=nZZgbuN4vkfLdayfZilcQw&_nc_ss=72289&oh=00_AQDEPr3hF0kOTC6QsKLsVn_xleLhk9Vk8uvvE2lGyuzsMw&oe=6A6D56F2, https://scontent-lga3-2.xx.fbcdn.net/v/t51.82787-10/521567184_18377356321126051_6176299110192822271_n.jpg?stp=dst-jpg_tt6&cstp=mx720x405&ctp=s590x590&_nc_cat=107&ccb=1-7&_nc_sid=5fad0e&_nc_ohc=hkmUxho_ulYQ7kNvwHI8PgE&_nc_oc=AdqxdIf_UXGKarfDR22gfBLkvxtLGMJPwIbo0iT-af4SoXU-W73WpTkXFsUAvPG4By7LMKszlkiiTJg71QU-laeA&_nc_zt=23&_nc_ht=scontent-lga3-2.xx&_nc_gid=nZZgbuN4vkfLdayfZilcQw&_nc_ss=72289&oh=00_AQA9MkIpWlVaiyOLEPNU8wBhI5LF8I6XHsamnWe--hm2NQ&oe=6A6D4502",2,0,0,
Vieira's Gym,facebook,1342893404505793,https://www.facebook.com/100063554378306/posts/1342893404505793,2025-07-20T17:48:30.000Z,🥋Se conseguirmos unir a nossa família pelo espírito nada é impossível de alcançar…Muito obrigado a todos 🤲 #taekwondofamily #taekwondomarcial #matola #maputo #mozambique #mocambique #artesmarciais #martialarts #thankyou #muitoobrigado #mozambique🇲🇿,"taekwondofamily, taekwondomarcial, matola, maputo, mozambique, mocambique, artesmarciais, martialarts, thankyou, muitoobrigado",https://scontent-lga3-1.xx.fbcdn.net/v/t51.82787-15/520944653_18376675552126051_7760101846959529826_n.jpg?stp=dst-jpegr_tt6&cstp=mx1440x1796&ctp=s640x640&_nc_cat=103&ccb=1-7&_nc_sid=127cfc&_nc_ohc=Ourx0AQgBP4Q7kNvwGtx5S_&_nc_oc=AdoyXOh0jU98jBoqpDH7yTjajbRDtWEDGSYWYx3uDfuY3rLJ4bj5l5DKiMgWjqqxjnf1sfq4mw8mp_Qk4vJh-tHN&_nc_zt=23&se=-1&_nc_ht=scontent-lga3-1.xx&_nc_gid=nZZgbuN4vkfLdayfZilcQw&_nc_ss=72289&oh=00_AQB-bdJxcfDGrNSH2Ql9CDHxTw8y52VFhBxxz2RF_tDsew&oe=6A6D34CD,3,0,0,
Vieira's Gym,facebook,1338134991648301,https://www.facebook.com/100063554378306/posts/1338134991648301,2025-07-15T12:39:14.000Z,"Transforme o seu corpo,sua vida a cada treino!!!💪 #Gym #Ginasioemmaputo #maputocity #transformaçãocorporal #maputomozambique @ayed.vilas @kcorreia.vieira","gym, ginasioemmaputo, maputocity, transformaçãocorporal, maputomozambique, Gym, Ginasioemmaputo",https://scontent.fhnl3-2.fna.fbcdn.net/v/t51.82787-15/518221482_18376031005126051_6481820276819439999_n.jpg?stp=dst-jpg_tt6&cstp=mx847x1059&ctp=s640x640&_nc_cat=108&_nc_map=urlgen_bucketless&ccb=1-7&_nc_sid=127cfc&_nc_ohc=bcqehZWyA4EQ7kNvwFRsARj&_nc_oc=AdoQvXJSLzoh8rP-XktWKo1qOHO9nXsC1wkHnq1bVAQ_7VK5-lc0qDBQyToBvVKRCPA&_nc_zt=23&_nc_ht=scontent.fhnl3-2.fna&_nc_gid=agWlpEuYvr5u_zwXaMOYAg&_nc_ss=7c289&oh=00_AQBW5L-eMxqKgjhtMu55AEeJDUbSATK2nBmcgaqu7pTzvw&oe=6A6D568B,4,0,0,
Vieira's Gym,facebook,1330364715758662,https://www.facebook.com/100063554378306/posts/1330364715758662,2025-07-06T15:39:31.000Z,Organização é a chave para a liberdade. Liberte-se da desordem e conquiste seus objetivos com mais clareza e eficiência.” #kickboxing #wakomoçambique #mozkickboxing #mozambique🇲🇿 #kickboxingmoz,"kickboxing, wakomoçambique, mozkickboxing, mozambique, kickboxingmoz",https://scontent.fhnl3-1.fna.fbcdn.net/v/t51.82787-15/505754393_18374951650126051_1226770732563580589_n.jpg?stp=dst-jpg_tt6&cstp=mx1440x1219&ctp=s590x590&_nc_cat=101&_nc_map=urlgen_bucketless&ccb=1-7&_nc_sid=127cfc&_nc_ohc=hKzH2SzHJX4Q7kNvwH0owpQ&_nc_oc=AdoEMTfxCB_0323r-Av9gfoz7XNPDOhroI5YMTGOmea2ggWsQ9MNEnoKX1D8qewJhyc&_nc_zt=23&_nc_ht=scontent.fhnl3-1.fna&_nc_gid=agWlpEuYvr5u_zwXaMOYAg&_nc_ss=7c289&oh=00_AQBsiti0czmHI0qyKoCJckzPlCroKV9ecc1U7nW73Vzn5w&oe=6A6D37B0,6,0,1,
